reg_no,chassis_no,engine_no,fuel_type,maker_class,maker_model,reg_date,reg_auth,aadhaar
PA02QU9986,52XTWG66C9ZF4LMB6,115ADQ64IWHT35602,diesel,Acura,TSX,30/01/1948,KG95,144763000000
VR53IE5997,M3PIMXR0RUX5WUF70,237TOJ11HIYP68991,elec,Acura,MDX,31/03/1982,QM98,144763000000
TK72BI9388,77UUVA5RSIZJN99UJ,845EAJ84KNZG52704,elec,Acura,MDX,16/06/1996,GO61,283441000000
WV62PG0389,4GYVMV44HJ1OT2LFY,374PKG43OIOU09965,elec,Acura,TL,2/12/1944,WS19,359711000000
JK84AI2343,MY9Z1IG6SDWDIGNK7,625DNK70GWPS09240,elec,Acura,Integra,11/8/1943,FU51,447318000000
TM47RB7139,2VZ6LF56A1Z0VHQQN,505WPC38MEJL50246,petrol,Acura,TL,7/8/2001,GA93,447525000000
GI06TS1217,L9LK71TGPRKOC0UXJ,400EHN96ZBII51133,cng,Acura,NSX,7/12/2009,PN92,456270000000
JI71CZ2543,FM4QCQRGAKVVME113,528RBQ52NBJI33114,elec,Acura,NSX,19/12/1953,IU53,495022000000
TV88GB3808,7FPRAB3CKSJCMZK7K,813UWQ98PZWQ51118,petrol,Acura,TL,29/10/1948,MG89,503898000000
QZ84VG5118,9EMO14BYABU63ON8O,976ETI31KSOR58740,diesel,Acura,RL,18/10/2010,MH40,631805000000
HF51SI1908,XJC1P2W4ZEL4GQBOF,983IRP14ZNVY02126,diesel,Acura,RSX,11/1/1963,OD76,666962000000
FK35OB5078,OFZRG7T2ITYNAKZCD,155CXP00KYTF28210,petrol,Acura,TL,16/11/1964,AS73,758641000000
NC44RA1960,8J2WW6PQB3QN1FE60,602QHN01PHGH91219,petrol,Acura,NSX,5/12/1998,NV37,778244000000
BV03JJ1209,3MAEEQBIG51DQMS1L,440IAO80GSKM31234,elec,Acura,RL,11/7/1988,RY50,884094000000
XH66IA5063,LEQQDADHZYUQ8TOEZ,169CLN58GULH87290,petrol,Alfa Romeo,164,25/09/1946,NX47,506951000000
CZ88GH7612,HOXMJEKT7D39E1YHI,032DTA82YVQO10302,diesel,Alfa Romeo,Spider,28/09/1954,GU76,891471000000
OT63IJ7766,6FFWZAELR24R6NTV3,647HZK64UEFW55580,cng,Aston Martin,V8 Vantage,13/07/2013,NA74,226664000000
GR48XX0946,RQGKZCK0U492970L1,053TEV96ULUC09853,cng,Aston Martin,Vanquish S,25/06/1979,IO73,235280000000
EY81ER9424,KZQIH7VZROZVCIIRG,904QCW28TATP61965,elec,Aston Martin,Rapide,11/11/1985,FK67,304831000000
VH08FK4445,UN0SHMLGEHHYG0AS4,958RLK70YHGG95542,elec,Aston Martin,DB9,17/06/2006,MQ59,365570000000
CZ48KS2296,ERGS92XAPXHRU5DUW,987VZW50LEVZ15895,elec,Aston Martin,DB9,26/05/1961,JB73,580316000000
WM61QO6877,UD18OO7TB30MEOW9S,859RTC74RVWS72340,diesel,Aston Martin,Vantage,5/11/1959,DM97,776967000000
AG76YF3112,OX7ELA1982CLNO0SM,822ZRT46NSDD46686,diesel,Aston Martin,V8 Vantage,22/05/1970,LW71,913035000000
LL76JT8130,4STHRZGXG6OQPKMK1,117XXZ02SVQS34717,elec,Audi,TT,27/11/1970,IR81,104103000000
YD37LA9760,IYF7V438RU75AATJR,234WFQ61MJRD84303,petrol,Audi,Q5,9/10/2008,TO69,187212000000
RM19LF3541,GUZ59T2T43VQCDPS1,490IIY60TGEH18325,elec,Audi,5000S,8/6/1984,AF57,206168000000
EB40PM4981,PJ57HEGAXSR2CHE2R,575RFU48RYCK36364,elec,Audi,S5,14/08/1941,LU33,221431000000
PI29EE8258,03YKWLHX4PC95DOH8,510GYA63UFEA34530,cng,Audi,A7,18/09/1981,EV87,249731000000
SU27JH3485,IF66UN4E69D72S6XH,953NNJ78PNOT78000,cng,Audi,A4,28/02/1971,AZ92,293146000000
OQ46AG0169,C018YIA3PL2KOUNJJ,031RYO44MJNX99317,cng,Audi,90,13/02/2005,OH31,341687000000
BA55AT6274,98S0BMYAJUK2T9920,683NOW05BAHP55715,diesel,Audi,Cabriolet,28/01/1987,UQ04,348408000000
ZF61PH5036,8UEX3G4DV6LMQVFP2,556FLP73VSMZ14604,cng,Audi,RS 4,1/11/1989,UW89,377872000000
GX28BX9884,YXS9HWML56KBRDAID,912AVF10KHYS77574,cng,Audi,S5,30/10/1964,PZ21,406019000000
RO70YT4890,GCHF2J03WFLWRF0QM,771DXU50JTFL08520,elec,Audi,5000S,18/02/1989,CX12,489204000000
AG13XO5558,5WE8R5YG5LLUV5NO1,338EHG08FUTU96834,elec,Audi,Cabriolet,4/8/1995,YE64,500765000000
VL46LF9329,XJZSG1UVQKTZS4CWA,264QGO44JIWT37107,cng,Audi,A6,8/2/1968,MS59,520726000000
DC20LP8769,HQBVUXHM8G6MKNF1I,421CWP51DNKP14974,cng,Audi,90,14/12/1959,SV59,558146000000
XW33UZ8984,Y2O0VI6M5VUGVIW53,781MFA00COBO20401,petrol,Audi,R8,4/12/2005,WG76,614522000000
VI23PH6986,USAVPUXTOJIDU0L5R,048YWS50APBA97947,cng,Audi,Quattro,2/6/1992,BO62,642246000000
IQ10EP0003,AZ0Y4LPOQJLAQ4GFK,633MOW54ATCH16682,elec,Audi,TT,17/04/1975,ET58,654539000000
RP16EG8577,21BQYC927PSJOXFB0,559EWL57LDXL27815,elec,Audi,RS 4,5/10/2000,LY51,695940000000
OA41RU0036,UM3KTUUG4DZ19D3YA,488YSC73FQOF53637,cng,Audi,TT,30/01/1997,WD17,700712000000
XH64VW5479,4IHZ62TGSZ23CUFVE,139MPJ96VGDG21645,petrol,Audi,S4,29/07/1960,MT89,722768000000
EQ36VY9051,X3JUK2EJMWXB8VC8A,422GLB21DQDQ06965,diesel,Audi,A6,24/08/1984,KA92,770166000000
SA18LL1223,ZQ4VQTQAY991R9MBE,829JIF24GVNJ46008,elec,Audi,S6,31/01/1964,YX55,773487000000
MO50NV0212,D39V3AX3EYBV6NWL7,894SXM44VCJW46726,elec,Audi,RS4,5/5/1992,YE72,845518000000
OD38NZ6177,HQ056JRKRY3QDVT63,369OEM43KEES28718,petrol,Audi,80,22/09/1951,MT81,854888000000
HL02SY2191,UICILT23KW5P1Y4U5,371XIN20EMPP01985,elec,Audi,Q7,5/10/2008,MW45,884198000000
DD77EC8657,GVARKGZTRXLPI3TK4,647ZIM40IGYN42994,petrol,Audi,4000s,23/04/2001,XR60,892468000000
OW06LL9825,2V5Q78WZ8VGDZ7K0Y,786UXC07PYDU10231,elec,Audi,A6,5/10/2007,LN23,940664000000
XD71YE1691,B2JK1QLURX41F6XE5,785BIL96ERIT26641,petrol,Audi,200,8/11/1998,JJ73,970978000000
DA30ZR7405,MMPDUTPBD4OZRU986,585XXB18JNMR10020,diesel,Audi,A8,12/9/2016,MS16,993316000000
EZ03JD5666,EEJEVC0FFULEHEBSA,315JZV25CJZC96493,cng,Austin,Mini Cooper S,19/04/2019,RH57,106044000000
HA67CI8219,T1OOEGXABJNEAHOB3,195UVI00QUBZ36690,diesel,Bentley,Continental Flying Spur,18/09/2009,RW11,357465000000
TW08FB9089,SHWFEYRFUQCJQWIVS,770AEE58VBPN36569,petrol,Bentley,Azure T,18/11/2011,EO54,558949000000
OU84ZM2688,6Q81MHKP7YEPZMGU4,781NLF43LAUX62520,petrol,Bentley,Mulsanne,11/6/1955,KN38,702142000000
ED07RK1124,8QUWZEW46OA8H1ZBO,141TDQ04XQJX05898,diesel,Bentley,Arnage,26/12/1966,RS31,896633000000
WS73UU0580,Q2D0K10U9ZFDNCUJI,468TKA57BMGV04415,petrol,Bentley,Continental GTC,28/12/1974,QA99,931631000000
KC97KO7329,Q3N4WR3BXEJX7GSJF,502PNU99KQAP46182,cng,BMW,M3,10/3/1971,GN57,176336000000
WY56SR4379,11EEFECJ8OPBP0HBZ,779UBM64QEHG45582,elec,BMW,530,15/03/1945,LF40,248401000000
PG35FK3577,D2W22MFHN74Y14FKH,445RRZ81DWBH25016,petrol,BMW,7 Series,28/05/1962,HY23,542274000000
IH07II0295,4P0HAYXBBV6K8BHUY,755QXM17JNGZ12390,diesel,BMW,530,21/01/1982,DP31,574443000000
TG65LW5006,P9YMIRE3KAUIG5GE3,766HPI02MMKH88231,diesel,BMW,745,26/10/1970,HC26,623813000000
FV75FI5168,RBDKHDO5YUZ3QJBK9,340UKD02HHBQ97982,elec,BMW,3 Series,4/4/1968,DI97,646568000000
TF23FT4680,01WG26JTT7QMI1Z1E,237XTF98LLLD63042,cng,BMW,M3,13/07/1967,MF36,696714000000
XR18MB9584,KRYQSOLRMY46PDX2N,495LIQ19SNCV92722,petrol,BMW,X6,28/10/2006,ZE87,697468000000
GE80SC4105,XJWP4KFYOQ15TEH1M,018PHD93MMMM37357,cng,BMW,Z3,20/12/1955,JZ58,700703000000
NO04IS8906,YMIO9PAVWMQEGHVPT,969VXP38OOWS26061,petrol,BMW,3 Series,14/10/2002,HP43,703081000000
JI58VJ8046,QC6K84910JWF261HB,054CQB47VUBA22975,elec,BMW,Z4,26/11/2006,IL52,734110000000
JO81DB4775,UJG12KZ7QBLJ40UBX,358GKS27AZSF12270,elec,BMW,545,17/02/1962,WP67,746002000000
XR10GC7648,N0VHDE52WK3QF14FV,021UHG90WNDL92569,petrol,BMW,M5,4/7/1963,BX73,788283000000
EX35YM3245,FYPRYDGENKHRJ91KX,180LAU53PNBT66370,petrol,BMW,7 Series,21/10/1969,GJ27,828289000000
XH76WN9700,JXW9RKV5H7NV3VODH,067DMO91YLTK71467,cng,BMW,530,9/4/1981,HX17,871716000000
QC22PM7389,LECO970K37KZWJKO8,870PDW11IPEY09888,petrol,BMW,X3,23/02/2016,YV72,916573000000
TA43II9245,3C0LPLZ94HM200UKO,677SEU31MIYC18422,petrol,BMW,Z4,6/3/1942,LD02,922377000000
TP17VP9349,UNS0B21KOJS3R5KF8,452FVH33ARUD41201,diesel,BMW,Z4,23/11/2014,SH65,925906000000
VI05LP9011,6MKGVKVV2O9RVDGRZ,919USC13MTII05421,elec,BMW,8 Series,11/1/1951,LC72,963987000000
CV25EM9588,X3KNYWKZ04VB3IJ5X,390FKI13ETZE17062,elec,BMW,7 Series,23/04/2002,PJ67,990170000000
DB16ZY2657,7SMBFYDNFXL826NAH,715FNI59LFOY08970,elec,Buick,Regal,12/8/1988,ET32,116044000000
UN12FU0953,YLWDEP8P4IEK2ZBS1,685YPZ40TBDZ01553,elec,Buick,LeSabre,9/7/2015,OX76,141099000000
MB67PD3799,D4R8WX4K3XP2EUB9X,717BGM26POBM05389,cng,Buick,Somerset,14/02/1987,OI65,197956000000
NU48LI6436,BQOKXZV8U4PZL5T8J,364OYD98PLGN73486,diesel,Buick,Estate,14/05/1994,RH84,255762000000
MT41KJ5516,J3CH485H559PV34OF,451IVY23KKFM04581,petrol,Buick,Terraza,25/07/1942,PU61,260813000000
JR29JB0796,95H3HAAN1XYLHJ8BZ,549XUY59QIIR69515,diesel,Buick,Park Avenue,6/11/1970,LF72,362744000000
HT28PL6947,DHMAV4YSCDTIS5NEC,916HGK84MVXY45637,cng,Buick,Century,23/09/1972,II69,378630000000
OP35MX5981,K67S9ZUGBD1QW95VF,485XTK96JDTI57961,cng,Buick,Skylark,6/5/1983,JP85,402413000000
BY38IN0227,AG0USP5191BK0510F,745QTI48HCEE36822,petrol,Buick,Riviera,12/4/1999,SU85,405260000000
YS39GF7263,GQIYNR3Y9PUBQV922,749NHW49EKMY32410,diesel,Buick,Terraza,29/04/1999,KL68,426481000000
PC10OA8830,5M9LBR6S9DWD91BRJ,601DEA71QNDY48763,elec,Buick,Reatta,30/05/1958,QJ49,445807000000
DV81TE3929,L5U44X8ZT4G9WYXHA,725AEP82DNLN49928,elec,Buick,Riviera,26/01/2000,RB29,446025000000
JO03JP1067,TW21CQ8VCIP35KB1K,736ZTQ61FHUR93587,elec,Buick,Estate,21/09/1964,DQ49,512468000000
HP18GB1947,KA6NEY04IMC5QVN60,006RLD60UDIB02920,elec,Buick,Enclave,1/11/1993,XX99,515049000000
PT97LN3793,LLCB6IVGI4XAIJV34,046BDM52GXRI04159,diesel,Buick,Coachbuilder,17/07/1987,KY24,522374000000
HZ76KF2146,X22DAJ1DEO5OUQ7IB,354PXX58PHZP17683,cng,Buick,Regal,5/1/1981,PX14,567673000000
NM31YW5904,2ZS7K6VJTIOZBNGY4,120NSJ83MCXC61931,petrol,Buick,LeSabre,6/11/1984,OW71,596564000000
FR70HO5391,E8839DWEIT34TJJOQ,068RIX58XAFE47872,elec,Buick,Regal,20/03/1958,RN03,629377000000
OM30BM6164,UG93D4N8QQRFILDO0,603JGW48FLIU99288,petrol,Buick,Regal,16/10/1996,MG31,630968000000
CM87GR5932,4STP4P1CB4JXOVJ78,625KFX99BCMF69220,diesel,Buick,Century,2/12/1960,HZ17,636158000000
YO46SI3778,UM8O0PE8ACW0886V3,580HSZ62DRUV56130,diesel,Buick,Century,10/8/2001,UZ88,644250000000
XE67EF4010,GZVWFE9EW6OAE56YT,687LIW31PLNN12120,cng,Buick,Lucerne,31/10/1944,LF82,697387000000
ZC57CG4336,SHLYNXPBUGR3SGYZP,158AAT71LKGF80608,diesel,Buick,Century,10/10/1949,CN53,701618000000
FD15JT0497,AA6V9SR0IQHUCPC1V,460KBH62GTNP59043,petrol,Buick,Century,30/08/2007,DW60,712788000000
FT95ZI4951,02HY9TD7D3RYM7OZ4,299TFI78SJJE48950,cng,Buick,Regal,12/12/1977,CF02,740218000000
KU75LO6509,7SF9BA2QMWMSE8MNN,006QAG04FIWA92492,elec,Buick,Rendezvous,18/02/1971,TW64,743501000000
GV04HE9367,P6O0N2L28I4Q544SY,484BBW18CGWS91299,elec,Buick,Century,8/6/2002,SB04,744423000000
XH79AP8883,E1CQTLCJCFFHDKMJT,645PKP42LWLC97964,diesel,Buick,Riviera,30/12/1977,LT70,749455000000
TT20MX2049,Y1A3ZN2FDHYER7VON,097CAL94XBHT21404,elec,Buick,Enclave,6/9/2001,ND97,760508000000
YB98JF4700,3WPIAI1TY4FO20GE3,319YIH36ZEOQ28718,cng,Buick,Park Avenue,20/09/1943,UI12,778306000000
MZ56YS3397,W93WTU8XO9D6GMPMM,658HER43LAXD15807,petrol,Buick,Skyhawk,16/04/2010,GZ99,814819000000
HD17XX7067,C1VOZDZ0Z2P9QN31M,478IAI66RLTY70361,diesel,Buick,Terraza,21/05/1968,OK34,818736000000
LN21GD7309,RG4N4X1V0JICIQEW8,526SLB17FJKX82744,petrol,Buick,Rainier,21/05/2001,FU68,839370000000
TD63TO5691,V7JXUL3MOINXRBHN7,011DIQ35VEUT33854,diesel,Buick,Roadmaster,30/03/1991,AY80,885693000000
LL99EJ6150,O2ZB4Y6HHN3CFEK6O,552QUJ06LLMG56805,diesel,Buick,Riviera,26/12/1973,VU99,888181000000
BF40QP8009,I0GD7KZTV3KBB2EPM,683DMK77PSAC38185,elec,Buick,Park Avenue,26/07/1962,UF47,889891000000
CU86IK1982,TVSWFCGR6W3B0C3VQ,550WKP37BSOZ48095,elec,Buick,Regal,16/09/1992,UO61,896997000000
YC96JM0609,X0TC56SC4I71OT1JQ,995LJB40WDUN80293,petrol,Buick,Skyhawk,24/09/1943,EG64,898606000000
PX83XR6141,GM3INKQ5NA1WPOZMM,912SOU90DZPJ22921,diesel,Cadillac,SRX,24/04/2005,YN80,102676000000
LD79OJ4670,A3BJI6QP6Z6F0MQU0,855TJP06OYVA79478,elec,Cadillac,Escalade,25/04/2018,LD67,272467000000
VN44UR5495,QRASZAK48BO9QS7ZI,693ECL84SVGY50221,diesel,Cadillac,Eldorado,10/7/2007,SS03,323499000000
BN54CW8302,NG29V509R9SSCAMSQ,558TKG44SEPN04033,cng,Cadillac,STS-V,14/04/2011,YS07,338195000000
EF66CJ8702,1NQ2Y1SKQ0WPBFCGE,666KHJ42TRFN05953,elec,Cadillac,Eldorado,13/08/1979,FL56,348184000000
CP69JH5161,VH6UCFTIFLOXZCE4E,082ODH31DFOF05044,diesel,Cadillac,DeVille,23/04/1996,QC62,433294000000
WY36XV9560,E9PTNHDT62IIKJGJE,679RUP95VJNF51053,petrol,Cadillac,Escalade EXT,14/09/1978,IN71,453812000000
MK79WH1782,LXMF2DL08IOEOA81P,647MNZ38DYGF44584,cng,Cadillac,Fleetwood,11/12/2014,DA68,470439000000
BZ06QW0127,O4JK462FJTVOI2I1N,305JCT93INJZ29722,elec,Cadillac,STS,13/09/2005,CD35,546681000000
MP32MH1632,IQJ7E4IYCYFNW5NDK,618LFS95KJSU90614,diesel,Cadillac,Escalade ESV,12/9/1965,NL00,605529000000
MT35VW9914,EXJ953EKSNW6EAHSD,255IEQ60YDWO93062,petrol,Cadillac,Escalade EXT,24/04/1940,WK09,723745000000
TT52QN3627,7D3G1I36GX714D5HJ,109HFO46XJCG83562,diesel,Cadillac,DeVille,16/11/1968,HX09,750951000000
IA75OL0633,TXTGKDVKVK5NZEY3E,158MKD44PRLQ48312,diesel,Cadillac,Catera,11/6/1961,TX53,757620000000
XR90YU0831,991K5HXKJDPLTTCX7,812KKR33UTEC23948,petrol,Cadillac,DeVille,24/09/1943,OC41,817928000000
LN97FW6878,P7ICMOQG0Z2JFWCWZ,727WCV86TCIB94712,cng,Cadillac,Escalade EXT,23/06/2002,YM27,818950000000
UV71PN6375,ZZ6WUH3G2KUC8BIJE,301BPG95LAGX60810,diesel,Cadillac,Escalade EXT,16/08/1999,SD30,850716000000
ZX22KA2380,KA70IE0FL6LLI4XZR,923EWR74IWPC43882,diesel,Cadillac,Escalade,17/08/1979,II23,866453000000
YM92DI9385,OI44U2L2WWRUWZZFL,834VGX80TGXG49714,petrol,Cadillac,Escalade ESV,15/12/1994,FD94,883622000000
FP63XX0067,ETDU0W9BE7BT2PARJ,429EOP51FSDM75938,cng,Cadillac,Fleetwood,5/4/1961,DL08,961427000000
NT65YV8781,GFHUNT8ES4WBCNEAY,815ITL45CGTW25878,elec,Chevrolet,Blazer,15/12/1978,ZE53,100680000000
MF60OO5712,ZI9CWNMJASH108JKT,611IYK02TXIG49972,petrol,Chevrolet,Metro,24/03/2000,SS19,114217000000
EB15CJ1556,XDF6XMMQXC34WJ9MQ,968IGB43SJLF25212,elec,Chevrolet,1500,10/4/1986,UM09,133534000000
AV01RC5960,6Q1HXH2EHC64890PJ,070SUM06GTOV14898,cng,Chevrolet,Suburban 1500,6/12/1966,KG36,146625000000
SC64UR6725,2NZYD7TKZD34NUJHN,689UZS43DVXS82203,petrol,Chevrolet,Silverado 1500,21/08/1994,XJ43,160260000000
AT99EW2006,J7WXDRR5COC9VTH54,930PII08LUUL49157,cng,Chevrolet,Sportvan G30,1/10/2007,IW02,168626000000
WV02GX8864,WDG7B5UBUIK4KXZDV,800CXG15VKTC81503,elec,Chevrolet,Lumina APV,30/03/2016,RB08,200862000000
XJ22ZD3940,RIN0TAREA2YYYWNAB,498IJI86JTVD10612,elec,Chevrolet,Avalanche 2500,31/03/2014,WH36,216754000000
OD24RJ6228,OCLVUU0F0YXYR0CPD,367ZPU75RFKP25937,petrol,Chevrolet,Aveo,3/11/2006,VK09,237344000000
QW77EH7686,GXINIJLLCVQPUBJA5,320TRN17HXAQ29592,diesel,Chevrolet,Equinox,28/04/1978,CQ37,242825000000
WQ12OM6368,FVNI3OE17S86CKNFZ,759CQO44VDBT06854,elec,Chevrolet,S10,20/05/1955,MU64,267849000000
KS15NA5770,GVL1CXN7Y0QF6AHNS,140BUA08NLYK29969,petrol,Chevrolet,Impala SS,10/1/1967,PF78,274078000000
FL46AG3699,HDOB2N2XCOTFA1EJ3,255XOM98AKXP70974,diesel,Chevrolet,Tahoe,28/05/1962,GR24,281430000000
UR86ZC1819,K3VGE4KF3FI420ZST,404UXB96AORN02431,cng,Chevrolet,Express 2500,5/1/2019,GT96,302469000000
JU29MU0826,MM30DFWUPY7VLDCDH,254OBB41AHBJ67750,cng,Chevrolet,Silverado 1500,28/08/1950,HG84,305802000000
LP18FL0637,T6W431APIYN68ADOI,237LHI63TNBE08938,diesel,Chevrolet,Silverado 2500,1/4/1955,GR95,312863000000
SE82EZ2427,0FENO98I8ESGSS2F9,717ZUU96ZLSK18460,petrol,Chevrolet,Sportvan G10,5/8/2008,PW58,322524000000
KN70FX9129,RW2AGMJXBHVY9Q3TY,394CUU98ORCP96732,elec,Chevrolet,Blazer,30/12/2014,RV12,323861000000
RA06TL8456,LKU7DD2XYBIV93MZM,561SRZ90NGSO58472,diesel,Chevrolet,Express 1500,9/7/2014,SZ38,340032000000
IM78IN4577,0F6XGZSEZG2CSJ5DD,672TAH34KDAE48456,petrol,Chevrolet,Blazer,28/10/1951,SG87,343608000000
HQ42DW7198,IRDQ2A68J96I9TRTH,713XKQ22PLQI37635,elec,Chevrolet,Camaro,1/1/1940,PK63,349099000000
ND57PN2007,PTPLJ20B3WX7PLK7S,431GLB03PXWO10667,diesel,Chevrolet,Cobalt,16/05/1973,VK56,351879000000
TQ56FZ7209,JUG49CROXJAUVOA76,317UOZ68BSBJ43303,cng,Chevrolet,S10,22/04/1970,NQ77,355728000000
CG52YS5736,2WQ39POQICXFRVSY1,536PUF38LTIC24083,cng,Chevrolet,Aveo,13/04/1967,KP78,367395000000
IJ06GP7016,5WPFDOCLTJTA7X3YS,610VEK28MHRZ40287,petrol,Chevrolet,Blazer,10/6/1975,SX40,371295000000
FY72KO8246,LNVRUQBVGKDDVEB14,164NOC26OWSQ09915,diesel,Chevrolet,Corvette,6/8/1956,HM72,378132000000
LW02OI1376,SMS93W6T15G5KD63E,943ZXJ96IMIS84599,cng,Chevrolet,Cobalt SS,16/08/2018,JH90,393653000000
AO23IT0708,WC33GZ97PQVFAYPKY,277SOA91WQZF75414,elec,Chevrolet,Suburban 1500,4/11/1966,QT92,413416000000
RI14QG6879,K3H3AT8UFFSCTOKC3,985SEM81GBPP10780,diesel,Chevrolet,Avalanche 1500,30/10/1948,AQ32,424745000000
HG84WT6567,4IGNPWJUUFX0BNO02,398MKD79JJIK96124,cng,Chevrolet,Suburban 2500,29/04/1949,QH46,490293000000
IO99SO6565,XNBRI0KN1YRSJWB3Q,545YKQ61LGXN67743,petrol,Chevrolet,Express 1500,20/02/1980,FO66,497987000000
FW17VS9285,D8Y51PV7CN6MO9LYD,172TDY20FRNS89631,diesel,Chevrolet,Lumina,18/09/1993,GD30,518612000000
VC21QV7571,1BAEPPTKN1DNLUSIQ,018ZSS90ICLD01155,diesel,Chevrolet,Corvette,25/05/1962,QM05,519627000000
HR19SP1850,LW2VVGCCEH6USJ180,097QHG95NYIL06573,elec,Chevrolet,Prizm,19/11/1990,AE57,522504000000
VT53WK5560,MMYQEN6CTNKLXDA71,944MJD65KTHI60310,petrol,Chevrolet,Malibu,18/05/1944,SR63,529106000000
GI23PS1740,ROCNGD8PUAEXAIGQM,017UAL38EXYL24357,petrol,Chevrolet,Lumina,13/09/1959,NE42,531686000000
BA39KD8324,Z21MO3ETZ3U7RL84G,509HQP40GBIZ37620,elec,Chevrolet,Cobalt SS,19/04/1999,LQ50,535860000000
CK80QV8571,F5GUFZKXHJTH7CXMA,009CQE93JLCL00316,elec,Chevrolet,TrailBlazer,19/12/1961,OK64,536430000000
OY94PE7918,0XBAM54DVMLSTR7UL,871BUC91TCRK75297,diesel,Chevrolet,Silverado 1500,30/07/1951,DF93,538406000000
MX19YB3054,D13CVVT1T67Q23LKR,546ZTK45OEFN11947,elec,Chevrolet,Venture,1/1/1993,YB76,572896000000
IN36UR5059,I09PSW5AFWKYTOTVV,119WRT93HKFV89014,diesel,Chevrolet,Silverado 2500,11/3/1998,IQ98,590213000000
NP42YO6884,DYUV2PVZZZSF5I3LF,801VUQ74ICWT50213,cng,Chevrolet,Astro,27/05/1989,PB64,602532000000
GD23OX2131,0U951ZN866I1VX6D1,642SYF15KSHW68321,elec,Chevrolet,Colorado,19/02/1990,PM02,639620000000
KS27ZM4415,OVLH2NPJK2N4IIAL5,904EPQ57UHSQ73543,petrol,Chevrolet,Avalanche,31/03/1967,TA96,648985000000
QE39CY7417,DT9LSVH2QLMPL03BB,323EOW93CURX02943,cng,Chevrolet,Aveo,5/3/1984,AA45,667059000000
YJ19HB7621,5D5I598LJA6PAEDK8,208ASQ24NFED02392,petrol,Chevrolet,Camaro,13/08/1961,RA19,677583000000
QH04YO4521,M98G0SRZ820MIJO1Y,077EKD85KVUS76089,diesel,Chevrolet,Impala,16/05/1940,WB53,707424000000
HF35JL7579,7896BJ6HNI9HYHVQ9,501KZO40SSXD55962,petrol,Chevrolet,Metro,5/3/1944,ZH06,707750000000
DZ80NF9475,12ZCMXKUDLB4EA6FA,987TCT11BXIR78156,petrol,Chevrolet,Express 1500,21/11/1949,XK29,728872000000
KF96HA0977,P762HN7G1M7DS2XID,823VSP10LIPH10711,elec,Chevrolet,SSR,12/10/2011,IA44,734708000000
TH32TX2626,C4ZLX72BLKBG1EJYA,325ZWO68TXKH20377,diesel,Chevrolet,G-Series G10,11/8/1945,UB97,742090000000
PM35OY9359,OJYA3IBVAFE8C81U0,734DFW65NCGL09303,cng,Chevrolet,Corsica,29/04/1951,GA81,764168000000
MU33QO8063,FL20LXCARKOJ5Z6EU,669HRO27MRKD60979,petrol,Chevrolet,G-Series 2500,30/01/1981,VM33,773409000000
OE81DN3976,1Z6069LZJ2J35D903,472YEC62KBCM95095,cng,Chevrolet,Tahoe,1/6/1945,ZV80,775973000000
CV23FM5033,UO6KPTFI8ETB9DLNZ,969OCB50LYAT30366,petrol,Chevrolet,Express 3500,6/2/1947,WJ22,780933000000
WD52FG1817,NQU07E087KFNORXL9,102MMM37FSNS48151,diesel,Chevrolet,Express 3500,7/2/1973,NB28,804719000000
PK65JW8657,JAKNUUT77A6UKB1MW,193XJY08XRZW16384,elec,Chevrolet,Camaro,14/11/1987,DO42,809991000000
CY58QB8667,Y5OZSBBBGPOMCO5XB,858MEX08IGPS73282,elec,Chevrolet,2500,29/05/2012,MQ40,818881000000
BE95LC0209,JVXPZ28SFRURRE75P,065JMW88BNLX59968,petrol,Chevrolet,G-Series G10,21/07/1971,LF36,882796000000
MZ20VJ8632,KJYUGQ3QJ6IP4CJPL,986YMI47YWEK15337,cng,Chevrolet,Camaro,28/07/1995,UJ67,883278000000
KE32YL9822,6IFUPGCMB8J23O7QU,146NYH24PFVT14218,diesel,Chevrolet,Suburban 2500,15/03/1955,EO91,888285000000
RM72FS1958,Z534LCB35R6EIXCKK,882UWL77EGIQ08617,elec,Chevrolet,G-Series G30,26/11/2016,IW89,889314000000
IE23NM7477,HMYZ7QDQLEQ53DC2K,319HMI65ISNV06207,cng,Chevrolet,Corvette,13/10/1943,GQ31,890337000000
NN30NZ3672,DD3EZ8XA6W4R0TEAS,278SYU76FFZI93785,cng,Chevrolet,Corvette,26/02/1981,QI66,900146000000
XZ47KJ2930,IF3JQ10AZGUAO7FYV,623FUQ18WTIA01744,diesel,Chevrolet,Lumina,15/07/1974,RV65,910001000000
GS06PC6214,OQEQ8WTZQK65VC92X,647GOW58MGYY37898,petrol,Chevrolet,Express 2500,16/02/1968,MT40,914195000000
DR12WF3624,Z9VJBS1EE3T8QMFAK,154CJK70VESN40190,petrol,Chevrolet,TrailBlazer,12/1/2009,EM46,921634000000
GU86MN4258,U5VRPDTU9UP386X7D,309CZC34AZKT28296,petrol,Chevrolet,G-Series G20,20/01/1943,MN74,939602000000
DK54YT7340,8S2OGYVWGK9NG1WBJ,004LAY86FOFE65396,elec,Chevrolet,Camaro,10/7/2011,RI81,950674000000
GT95LJ8671,UISDF2GZ5ZS18EVT4,428FST60VAWS36861,petrol,Chevrolet,Cruze,18/09/2008,IA72,974338000000
OR52ND1476,6GSY7RSPOMFHWU9HG,807EBC55IAQZ87130,elec,Chevrolet,Corvette,5/5/1962,VF02,977208000000
OB34SV1893,0C05FITQPZJP6QFL2,796FCX05OTOW06746,elec,Chevrolet,Corvette,12/1/2007,GG94,983516000000
YC15NI9289,8QSTNHS8QYF42Q5TU,025NDS56QZYG05132,elec,Chevrolet,Silverado 1500,8/7/1972,XN89,989119000000
IV03QP3684,RHNJDWP0432VJEGLU,078YDJ37ZRUR49337,diesel,Chevrolet,Suburban 2500,18/07/2018,MS68,990229000000
HG56VL2825,B2CSJXZBF0YEACEW6,603LYR52XCWB07973,cng,Chevrolet,Corvette,28/03/1980,FY87,996071000000
MC11PN7106,4J14AZ6IC4G3PR5IH,732BQK15PYEP08762,diesel,Chevrolet,Monte Carlo,6/6/1985,TC91,996326000000
JA79BT8883,U03HN0A5QG0OO86B1,486UXY32BIYP04938,elec,Chrysler,300M,1/4/1986,GM52,107702000000
NV10YC7329,PEE9KFLGMAODN7FRK,086UKJ13QRPH66670,diesel,Chrysler,Prowler,12/4/2009,SA57,118699000000
CY02YC3264,WWCEQ078TLIJS2IOG,304KTQ81NHCQ18956,diesel,Chrysler,LHS,15/11/1966,IZ61,119425000000
DV51HM1412,5AZ439UM47IEP0LYS,847UOF01YGNN65985,elec,Chrysler,PT Cruiser,23/05/2016,US45,256327000000
IY42EW2087,QRQJCY0HBXWOY8G7L,682EQR22OFGE19933,petrol,Chrysler,Imperial,12/2/1985,IO81,259681000000
WW76OZ8527,NZK07WDG51GO0NBQA,228CSN60WNRQ59723,petrol,Chrysler,PT Cruiser,2/8/1994,KJ72,445963000000
YK41NW4670,X0S3XV30Y0YWPFWEB,663YCS83GYKH39186,cng,Chrysler,Town & Country,30/05/1974,EI85,589055000000
HG93RH5624,2VHFL6PAU1KB9VUHP,119JSF88PMUK16655,diesel,Chrysler,Sebring,29/01/1950,ZC90,670527000000
KY22SZ4524,KAWS4N9WHIUMW3X1Q,589EUR94NVTP28289,cng,Chrysler,Town & Country,3/1/1977,HG04,683529000000
RZ27BS3215,DPXZ4IIAD6EPXX1SA,708KIT18XYRM88427,diesel,Chrysler,Crossfire,21/01/1993,OZ27,688597000000
OK46XI9124,KWL3G62GTZL1SQNG3,726HJA83LQIX27886,cng,Chrysler,Sebring,23/09/1961,CT19,775387000000
YY33QT0890,HVLAW522ALZP45S7L,685USR19MQWC86980,elec,Chrysler,Concorde,25/03/1962,OS26,819684000000
CS34EV6743,KI9BBFZP5QT9Y6TSA,392PBD63ATOJ86116,cng,Chrysler,300,20/09/1973,ZT44,880405000000
LW25OJ0499,0R4CTM3Y7MVFQXNO0,220DTX25QPFR11967,elec,CitroÃ«n,SM,19/04/2007,QQ43,186287000000
WA30FA8846,WQN4LYRU0P4I9VPD6,561WLO60VIUN69836,elec,Daewoo,Nubira,7/6/1992,WI48,627880000000
QM36JK7455,ET5YCRR6SP7OAZJQ0,571FJX61FDBG08252,diesel,Daewoo,Lanos,23/04/1982,GF95,803233000000
VV54FP7155,EO4J8KLJM2IXV1F1Q,818CNI33FMEO44323,petrol,Dodge,Ram Van 3500,5/2/1965,EO80,111551000000
IE20GL4902,B5IENY4N5B6C0C1LX,008RDA37DROV68222,diesel,Dodge,Caravan,5/5/1986,VT20,116883000000
BX91LG1797,105GB1KKTW03YZNWZ,965NUL02RLQM50773,elec,Dodge,Ram 1500,21/09/2002,KY77,124074000000
SO36FW3956,FI3STO14K5WG2ZFZG,341UQC68CBDW76204,petrol,Dodge,Sprinter,23/07/1974,TR63,125166000000
PE98UT8885,8VFDUJDD2LNRMXLB4,801GSN56SFCR52281,petrol,Dodge,Sprinter,18/07/1946,KZ99,126786000000
OZ18HZ9882,D21I4X1US7WLQ2BMI,182GRD42TUWB41369,petrol,Dodge,Ram 2500,21/01/1982,LF67,137564000000
QG98PC5976,V7EL0U6NLTEHKZJ9C,232KIH43IENU31533,cng,Dodge,Durango,5/1/1956,KI77,153755000000
OM82UC6084,03P53AE7JJH9N394Z,848DFF62NXWC62788,petrol,Dodge,Ram Van B250,9/12/1955,IQ04,173138000000
ZM20SD7274,PBJ0RD7ZQLQYAI0PP,998POH85ATAE25977,elec,Dodge,Monaco,4/2/1962,DW18,186913000000
TG40MV9046,QQ8VI3CWP9SEQU036,574KWU46KQBG65358,petrol,Dodge,Ram 2500,29/01/2018,UZ54,203604000000
ID62CW4932,FQFP21VRY9YUGGC8M,905EDU61QBLY59678,diesel,Dodge,Ram Van 2500,24/09/2013,LU12,213137000000
GM80MP1221,2PPIYCWFUWFSUYQDM,022RIP29DVES34853,elec,Dodge,Intrepid,13/12/1967,DQ41,213504000000
JE09VF9705,19Y1KKLQ9XE2U6JOW,658VQS34RXXJ71684,elec,Dodge,Ram 3500,27/05/1954,IU69,246672000000
GY40NM9982,4ROGLISAA5AUHEDW7,138CQY81NOLH68998,diesel,Dodge,Ram Van 2500,23/05/1991,RP43,289381000000
BD98MR6095,JW3NSHHU45WU7TF9C,959SXE10OXZM26804,cng,Dodge,Ram Van B250,1/6/1999,TI89,299219000000
FB22UH8942,4BM6WRPZR2MFD4RUS,555XJZ28SMCX38040,elec,Dodge,Ram 1500,15/06/1988,OD35,303349000000
LS71XZ7702,L6MKSCTZU0DJVU3FX,915RLU57ZNRA27641,diesel,Dodge,Ram 3500,27/11/2019,LN26,314779000000
IS12MM6475,NLO2XN9JH6Q9H19YL,068ZWO46OAUD10611,diesel,Dodge,Ram Wagon B250,17/06/1985,IF84,335123000000
KR14SP8333,9JJM4IAJK2J9J3P1W,744FDA52IWXG54857,cng,Dodge,Viper,6/7/1957,ZQ50,373469000000
JH66FX8805,VF3KJ4D0Z4FHGCYG7,428DXU40JMVU74280,diesel,Dodge,Ram Wagon B150,11/11/1992,XS51,418221000000
NI97BZ5844,7E849RHMGNPIH0ELO,027UIS11NLYA12420,elec,Dodge,Ram Van 1500,3/6/1958,BI49,431922000000
OT35GF2798,UUSDEDIQCE5LZMGPU,926WEQ68BLON82903,elec,Dodge,Ram 3500,30/11/1985,LB92,471178000000
VV06BK2678,9DL5FESW746AO8SU1,827VGS48KKVJ37281,diesel,Dodge,Dakota Club,26/12/1956,CE56,509314000000
OQ02ET2086,2CWSQQULAWSA6K1A1,245VDD71XVAG10027,diesel,Dodge,Ram 1500,9/2/1991,MO06,590843000000
PU26DV0404,N4NUX92HS14C4JEVC,907WEH34ERXE31199,petrol,Dodge,Challenger,10/12/1998,RW66,652456000000
UF50MR4109,RFULZJ1A0SWYWKLDA,753CHV56RRCZ34723,diesel,Dodge,Challenger,6/6/1957,LP27,661742000000
AR74NF4550,JHTB34NTPI6RDKUCM,235VPX72CIOW18954,diesel,Dodge,Grand Caravan,17/01/1959,NX55,692291000000
YZ93VA8813,ZN46JYTR8C0ACNL65,499CGB70QHKG54448,diesel,Dodge,Ram 2500,11/3/1992,GD95,703005000000
VL20OV6422,327R1Z9FOLU592F4M,166SFO36MQEX54297,cng,Dodge,Caravan,23/09/2004,QT58,720228000000
GP85HI5618,2OEAIF3SP84V62CW6,582HUQ90HFWT52617,petrol,Dodge,Avenger,28/08/1955,HT91,728524000000
WT58NQ8921,DUQY2WFD9TJT93CKZ,805SNO36KHJM09331,elec,Dodge,Challenger,25/09/2018,VB55,773043000000
AK46TP8181,FTNG6ZQGBNBPG2C9J,459AMW34XCYW06562,petrol,Dodge,Viper RT/10,28/08/1947,CY81,795708000000
MP93YJ2631,L9C0601K9IFAB15VS,152XMO99FIYD15940,diesel,Dodge,Viper RT/10,25/06/1952,ID10,863508000000
XT10CQ2227,9EK86SZT87YMIWOOR,008AYA26YTPF88723,diesel,Dodge,Neon,7/8/2011,LB97,893438000000
IC33IO4134,7VNLEDURB35RXHF6J,995SAM30GKAI67832,cng,Dodge,Ram Wagon B150,24/01/2015,FL29,900524000000
GM96YT0981,T79PQACVLVXD19319,484YRA42GIQI99665,elec,Dodge,Ram Van 1500,1/6/1991,PN36,912308000000
PQ53RY4394,TM1P6TF61FYOGY3XX,022SST06LMZY22346,elec,Dodge,Ram 3500,29/05/1998,BE79,925779000000
MV34RC4619,DRVNPKW4DY9100BO1,710GAA72QHAW27255,petrol,Dodge,Ram 3500,27/01/2003,OJ91,927593000000
HJ01SY2366,JK35I1J26QLMLAR20,996CNL59LZSH74667,cng,Dodge,Ram Van B250,23/02/1987,KV78,961910000000
ML37WE8241,HTKKH9O7MV1PG1VSI,690GVR31PGOK68205,diesel,Dodge,D250 Club,23/01/1980,IL08,993855000000
RD21CY5033,BDH9BS9116M1KLCI0,646PYS97WFWA20072,diesel,Dodge,Viper,25/09/1993,GD17,997372000000
YH47AS8713,T1713N6D86L651CTP,270XYW11VUOE07473,diesel,Dodge,Durango,1/1/1959,NW31,999655000000
QS34SY1596,SLK5M8MY9I01XC0C4,933ISH47FXRO75905,cng,Eagle,Talon,4/2/1998,AF07,214646000000
IV93JZ7094,ZEMKWRUM7UO2MCSIA,396HJV41OTGG49912,diesel,Eagle,Summit,11/11/2009,TE96,665437000000
VZ07XO6148,YJQZ913EC5S883898,041OHR00FHIM42020,petrol,Eagle,Vision,26/09/1976,VS42,779351000000
KA48BA9068,FFQHII4VP96WYIHLP,600BPK93KFDT40044,petrol,Ford,Mustang,1/2/1960,IT70,106467000000
XB98DL9824,DYULOWPD8MGMMSMC0,638ZAE79TXMU16992,diesel,Ford,E-Series,23/04/2013,ZC88,121466000000
LM90CC3108,90EI9PQQTTOJQ97WY,404CYD52AEKN69233,cng,Ford,F-Series,3/1/1975,FE12,124254000000
ZO10XO5933,NY01KZPP9M4MJHHNZ,097SDV97ERKA04926,petrol,Ford,Bronco II,6/11/1976,OK69,124302000000
KP13LA6107,K9B25JBEJBHCY44T7,595CWB74MTPL29416,diesel,Ford,Mustang,19/04/1989,KK64,135223000000
KV30HS8389,L51P6GF52KMX0QYS1,876CSG82EDIC58622,diesel,Ford,Mustang,25/03/2003,BD14,136074000000
CA70KB6841,B3GRKW3Z9PEZKFTID,828LLE77RJRM89913,diesel,Ford,Bronco,15/02/1948,JY83,145483000000
CC15DD1798,IDPW77R5LDIGE0XLQ,057PAI13PYXN93057,elec,Ford,Focus,30/05/1998,TY95,164107000000
KV11OE9943,SEXRTQQ0Z6V8AYM0F,379YXJ93RBJY69897,petrol,Ford,Escape,10/4/1967,QF11,167048000000
PP66QI9317,W8HOMCT60AIEFAZI1,111ZOP98ZXPF03597,cng,Ford,Bronco II,8/2/1960,YQ36,168176000000
SL93LG6336,ZWULQGXS4KNHMBDNU,661KXC90NJAY98478,cng,Ford,Explorer,28/12/2002,WD98,171594000000
IW28FS6811,QJZ2ZGDMNG7F2ARQK,677CHQ43RHRW95630,petrol,Ford,F250,23/07/1945,UM43,174127000000
LX75DD5350,F478NTNXMPZQ1STMJ,097IKI69ZFQT39441,cng,Ford,F250,15/06/1986,SU48,192274000000
SU85EP0791,CGOCVE876C3Y04BTI,939HIK78FWFG67453,diesel,Ford,Club Wagon,2/7/1980,AL15,196278000000
RV67RO6091,5OVL1AXRSNWK2AY50,127JEG82WMFS03528,diesel,Ford,Probe,1/6/2003,HQ49,224657000000
MK96DA7562,LBB5LZI0YMED5ZU26,221PFB17HEOR72760,cng,Ford,Aerostar,21/11/2017,YN42,281258000000
DZ37IE3839,ZOMKUZAA6EG2ZMU2X,698SHK27NWAN58401,cng,Ford,Thunderbird,8/10/1960,LO77,282210000000
ME82LE7819,ZHVWGMIG420FSJONX,858VWZ05ZKAQ63638,diesel,Ford,Bronco,20/09/1987,YI51,284096000000
PK77NO6642,6UE4VPZZAS4BGATAS,190VTZ02IHMG28727,diesel,Ford,Thunderbird,21/09/1985,IJ26,307634000000
UK63AE7130,2GMPR4RBN5T36WN4Q,811VHD34KAUE90015,cng,Ford,E350,28/09/1970,FJ70,310690000000
OA94RB7077,BIDSAV2S2LYT2FA9V,860EUD00QAZL87566,elec,Ford,Explorer Sport Trac,11/4/2013,WN99,331533000000
HX22ME7719,JJXKNQVKKUP9G2YCQ,230ZYW48IRZL26065,elec,Ford,Escort,29/01/1993,QQ32,333205000000
LM55XF8363,D7C8KTWVU3T71787S,693INE40IGUM88789,diesel,Ford,Thunderbird,5/1/1978,VL19,351875000000
DE33VY2669,79WR2YNQSDQ72W5H7,298MNC50RKCY19707,petrol,Ford,Ranger,16/12/2018,BV34,355797000000
LE62YN6548,RBQI3D5RIYKYTLMXN,695BRM56XIXI97034,cng,Ford,Mustang,6/4/1987,VI04,363474000000
LI40IN3046,1DJRUR5T3L5F2EP90,263PIF90PVJJ24988,petrol,Ford,E-Series,10/12/1996,UM11,372474000000
OC63VR0836,V35TBK3SEZ5U3T588,349KDM38KZZD88972,petrol,Ford,F-Series Super Duty,25/09/1996,OK62,384062000000
ES40JY7566,WKZP4QAR6IW4ZOGYM,580DJK97RRUO75038,elec,Ford,Thunderbird,1/11/1955,ZC13,392397000000
XD72ZD2571,HLQYRM62FPBWHE5KI,391VSK00LJES97156,cng,Ford,Model T,8/10/2002,QZ13,403874000000
CE75JT4505,5LLV5TU3BOUI4J62I,997VAR54KNFC79246,elec,Ford,Bronco,24/08/1973,TJ35,407939000000
BC37RS0745,MKD2STLLBFKZU8QMA,450XHW74TBNO18218,petrol,Ford,F350,1/12/2017,PH76,408543000000
BD35BL6297,IF991W80YVGFGFHUS,284WYQ41IINA12782,elec,Ford,Bronco,14/06/1973,AS36,417227000000
DR71JE3920,UCZP60G3ILT2DH5HM,566MZV21TTGF23393,diesel,Ford,Five Hundred,24/05/1961,GO78,418684000000
JS97TJ4273,ICLHRIDN9YKKHANT2,567QSR79YYUU11727,petrol,Ford,Tempo,17/02/1980,IL79,436742000000
SM33AV6563,XWEFFS2O2THILN2BG,655UVC37VKAZ97326,elec,Ford,Econoline E350,16/02/1976,BQ50,444591000000
IV55FN3186,OPX77SPYVQBVXN3KY,558JLW91TDUI90387,diesel,Ford,Mustang,14/10/1996,FC97,489141000000
NQ56SY0777,1F7D0BXGWTSMBS8T1,220ZWV75CTQL85249,cng,Ford,Explorer,6/4/1986,KG21,490623000000
QV67KF9621,3BL2RQJ5U1I4BHDTC,094BWY15FDOV37923,petrol,Ford,Taurus,10/1/1982,EN92,504689000000
FS86PM0824,IHM8UBJGUH0Y9CRFA,013SRA45UZFE46510,elec,Ford,F-Series,23/11/1994,SD63,510203000000
DX20XZ0293,WH6RU3AR9QPMQMKIX,656BRR07FEWK05594,elec,Ford,Mustang,15/10/1976,YQ03,523073000000
XR82CD7189,WAI31U8U0CCIYF8V2,936PTU02NMZG72266,elec,Ford,Club Wagon,24/09/1961,NS77,524397000000
NX02LC5248,KQ0JZH5ZDNKP946OA,227TWA46YORC50109,diesel,Ford,Transit Connect,13/10/1985,MD18,529232000000
RF81OG6340,LKEQIVDF60VNV5KBI,087RCI33BZQI36480,cng,Ford,F150,18/08/1956,ZE13,529266000000
GL68JK9769,ZXFBATT7RXT1ZA0VN,613XIS18RJMU01655,diesel,Ford,F150,10/4/1991,WV62,538210000000
SO45GU8263,HKGDXF9NSRAYQ7VKU,315APE48VLHC13766,elec,Ford,Club Wagon,14/03/1987,GU00,538802000000
EX49LP4531,VG8ISUOAWS3TS6EO3,730OKE26SSQG42176,cng,Ford,Mustang,10/6/1989,QL22,539561000000
KT76PG1404,S7229KNDJY5B7FA23,810EJT11ISLW90098,cng,Ford,Festiva,1/5/2012,TI39,565458000000
QA01PA3608,ROAILQ6H7XUNPNCTI,279XOU17LPRR61144,diesel,Ford,Focus,23/10/1975,FJ09,577221000000
PU12YF5067,BFX1YH3I24W52N2U8,350CML74WRQR24945,elec,Ford,Mustang,7/2/1947,SB34,622511000000
WO43DV0412,V79Q522BCRU2TNM56,380IPN67YXRR78411,cng,Ford,Thunderbird,17/07/2002,WP73,627119000000
OH12PV0643,NUJ2IXW8O616ZCZQG,934KVZ57EYVL98080,petrol,Ford,Explorer Sport Trac,3/5/2008,TV47,633517000000
XK67VI0716,PZJ7MDF9HPCNHKCRG,344UXK02HSPI22056,diesel,Ford,F250,4/12/1988,QL16,636166000000
QE38PG8641,BG39L1LMI2JKPRB7U,139YXQ28NSNM57108,elec,Ford,Econoline E350,2/8/1994,CC41,644840000000
DK83OZ4472,7QGZG5DOMULEH19XH,385KGL79LKAG37842,elec,Ford,LTD Crown Victoria,1/12/1940,QO17,649741000000
NX66ZA5280,IP0WU089BQ9MCIYNE,576ODV60LVIS00583,elec,Ford,Bronco,27/06/1993,PG72,651269000000
JG49BW6853,ZVTOUESOA7K7W1VK9,085NUL53JEFO69268,petrol,Ford,Transit Connect,19/07/1948,HM22,652952000000
LT76UQ9886,5GW9D5K91FODEJ9WT,315VJP77CWWJ71992,cng,Ford,Explorer,24/01/1981,DR40,654759000000
AH92JC1723,3VI4UIU424QCQMBPX,618DDU53HBZP47425,elec,Ford,Taurus,27/10/1946,KZ42,657808000000
HQ31KJ5553,ICXR9H546CQ16CT5N,738BUX33NYQZ23842,petrol,Ford,F-Series,25/11/1941,PL08,664256000000
DL98EV0996,3VF1DNSLQKJNRJ3E7,299CKR29EMYU71265,diesel,Ford,ZX2,5/7/2017,LH49,665285000000
AM46SR6993,CCU7TZR9NBM55FQZ9,139QSZ08UMXJ57166,cng,Ford,F250,17/01/1957,LK20,679336000000
GY74CV8706,18ZVL1LMIP871CETT,930UTF96SEVC15810,diesel,Ford,Expedition,13/12/2004,HY81,681761000000
ND36ZQ1380,B3D6IEXNB361GMYN6,563MGL44NLTT75709,diesel,Ford,Windstar,23/01/1997,FN18,683547000000
VA00IH2421,UVRN1QRNX0QU2MWSM,717RLC73PNBU15183,elec,Ford,Bronco,28/12/2009,ZN27,683791000000
AA42NI5697,ZLYXB828W7NA0AR91,632ZEA37BVEB55194,elec,Ford,Econoline E250,18/02/1979,WZ07,700233000000
FX58NO3477,J1QQHWIMZBL3U7AJ8,569VGI41KZQP66187,diesel,Ford,E-Series,13/06/1941,UD36,701376000000
NF36OH6829,B3A1Z83ECY4UJSAV2,433AUO69DARP58309,cng,Ford,Mustang,20/10/1969,XD90,703733000000
JQ44UK5566,GG0S1CQFYLVOTX03R,373QCW19USOY62916,diesel,Ford,Ranger,13/01/2000,TY02,705964000000
DA55JF6984,FTV8FB23BWO7LY0H4,384ZLU53ZFIL21345,petrol,Ford,Windstar,2/9/1948,FR56,724604000000
RI01CW5732,Q753T4TKJFIUQIGA0,079KIL16PTVH61302,petrol,Ford,Festiva,20/08/1996,UL15,725858000000
RG60CX0183,BB0HM5TSL4T8KW5ZY,193EDB04BETK49975,petrol,Ford,Festiva,19/02/1980,IY68,726759000000
HU72TH1694,AYXYCKDICUAE6864E,262JTD11TUHN48741,elec,Ford,Tempo,7/4/1978,HS45,736017000000
NV88IG9046,EX8XBCFAQOP8BD6JA,356SVG64BLKM37279,diesel,Ford,Windstar,1/8/1979,LF85,752856000000
CV76YU0969,8TVSJB4R63G6VASM8,524IEP49QVPX90101,cng,Ford,Aerostar,9/9/1952,CW15,754624000000
DC51RY9026,YS9ISA7YJJ4F1DQIU,115EJA33KGXA71673,elec,Ford,F250,12/12/2016,RA02,772270000000
ZY03RH5229,TF82QL65AONS3TYT0,788HAG08REWE91794,elec,Ford,Excursion,20/12/2012,CJ52,776430000000
PZ19VW8787,O7HFRHYF581KP49UJ,169SIA10ULWN46278,cng,Ford,Bronco,5/7/1961,XJ25,784859000000
AJ05RW2352,JZFJJTDPLPGINOSKL,877HNE47GXOP75464,petrol,Ford,Thunderbird,29/12/1947,QU47,799580000000
JT78ZW1912,AQK0YJNSBO1GTFDSI,256TYR12THEN02640,cng,Ford,Taurus,30/08/1976,QI00,811350000000
LO67BE3053,PJ93CJESZXI4DUV4W,486KEH13XWVQ64972,petrol,Ford,Focus,7/1/1968,LZ35,821867000000
ZZ75FX0998,AYRIF2TUQ8QSDU3PT,101THO61DEUO46684,cng,Ford,Fiesta,1/4/1985,OF89,825544000000
SE72XH4732,MB5WL0BBO6EW5QWHL,188MKU97WCCR10486,cng,Ford,E150,13/08/1996,BG97,829079000000
RV72LZ7332,RPGHP6E2F6BW8GLUD,722NJK05GVCD69223,cng,Ford,F450,10/1/1960,WT62,835414000000
ZK12GC9343,25GSXS5L8NUOK79QJ,004SRT57PSAW48447,elec,Ford,Aerostar,25/03/2000,EE55,841247000000
NL54TI4652,J1VVV2B9RVBYLSBMK,254FOT02IPQM41010,diesel,Ford,Thunderbird,3/5/1996,AZ25,857776000000
AW95SV0144,1GRG9PGIZSLB0WXXM,803AWH90SRPR13399,petrol,Ford,Mustang,26/09/2004,FS70,863659000000
PE68KB1494,FTY2EM38K624VUCKQ,396BBB92VERU59787,petrol,Ford,Mustang,24/07/1994,SP81,865834000000
XK44UE0959,YJ0YMSJ4OUA96WNB4,520SAM14AHNL45494,petrol,Ford,Ranger,4/9/1992,FM24,890084000000
GS32LF6129,YSDD18YX5JJ4DGTD4,175YUK93UTBV89151,petrol,Ford,Fiesta,2/8/1980,GV02,910509000000
PG22UX9837,F4DGOF9ITFS77IA88,174BGW02VJFU64888,elec,Ford,Explorer Sport Trac,28/04/1970,KV75,920028000000
UQ17YJ9175,DJIQNA9887XAVZTBS,799VMJ35XEDZ00462,diesel,Ford,Escape,1/9/1952,CP83,920217000000
EI26VL4234,FRLLJK4R5USPLVCU0,777IUX55LFDL52819,cng,Ford,Crown Victoria,21/03/2008,GN71,920818000000
SZ15ZP9294,PBIS3OFDVVGKW8NGI,930RLK94AXDE21298,cng,Ford,LTD Crown Victoria,3/10/2015,BB94,934300000000
HK74AX1636,7KWDI1NK56URSN897,911TLT80AFGS66005,elec,Ford,Taurus,19/08/2000,VW49,941238000000
GZ37XS4657,A72CNE1S7H3G3VL83,917PDU35LGHI49264,diesel,Ford,E150,28/02/1943,XW86,958375000000
VK86MX8273,VOYKY2S8KPJZ4663V,371ISV59AHJG08235,cng,Ford,Thunderbird,23/04/1943,HE10,975503000000
KI22VH0175,DKBMVP1H97UCZBC6A,342TPG08WUFQ13459,cng,Geo,Metro,23/07/2004,KX85,207287000000
OK53MS1716,KR1B9J1SSXK8XSITR,286LUK36QSJR44649,elec,Geo,Metro,22/11/1961,QX15,805488000000
EO43JM9606,4NCSXZ0QNK0WMCLDP,226XRI70VXVV67784,diesel,GMC,1500,12/5/1980,WL17,104934000000
SZ86BC4765,5I5AJBVS59GLCV4G2,454IDG31DSSD46401,diesel,GMC,Savana 2500,23/03/1977,VU14,126886000000
FX69GR3255,T2D8GYDUZNH332BMA,475MKW56CGRL61026,cng,GMC,1500,27/05/1959,XC38,138471000000
HA60CJ7096,O12EE9H1AI89QHX3L,576AWD52UMTD00514,elec,GMC,Sierra 2500,12/4/1952,HQ00,139115000000
TQ18PY6515,K9CAUBSD7DN8B3IYI,411BOF77RUXM70112,cng,GMC,Sierra 2500,18/08/1999,GW69,143418000000
AS47VL5233,OC4U2ZNTJKN3HPS81,309DAA43UGOU18524,diesel,GMC,Savana 3500,9/8/1964,EH31,149047000000
DH86MG0177,WRK2LUAJN4A2HM9SG,450MPE58JHIA65782,elec,GMC,Savana 1500,30/08/1984,VZ09,208724000000
NB57NB1766,X0XJJJOCWKYLP57YZ,129WCD76SBFC11332,elec,GMC,Sierra Hybrid,22/09/1984,RL31,272267000000
IS18WJ9778,UW0WLS7I7GHMLU4ZS,946ODT04RUDQ22921,petrol,GMC,Savana 1500,27/01/2012,RZ76,281634000000
FS71IT2498,6W7HJVMVFJUDSQSIL,693SAD71RYQO30556,petrol,GMC,Envoy,17/02/1951,DI23,320659000000
VK03NR4412,UVVLFVJU2QEO1DD9A,540KZA69MAVO51759,diesel,GMC,Terrain,4/12/2011,JR50,348185000000
NG98MX3742,O6TC3R0PT33TMQIKL,481XSG68FHQG58683,elec,GMC,Sonoma,25/11/1945,ZC37,377059000000
AS15FP5551,X21E2RBCTH0T4Z2Q7,432SDB68SYJA59814,petrol,GMC,Yukon XL 2500,22/09/1961,NA64,403368000000
IX82ZP8898,T104RVI88IVJB79OD,716MZT29YSDB04889,elec,GMC,1500,29/10/1993,LJ71,411042000000
TD40EW2152,E8RV9GYW9GZ3ADU1G,481OFY36EWYE20915,petrol,GMC,Safari,22/03/1981,WW81,492829000000
VF67YL9996,GV7QCNX3353VYY4A4,914JYN45MESB42906,petrol,GMC,Suburban 2500,29/08/2004,ZQ39,500150000000
ON46GT9995,YK6H1C8RPZTMI14QL,397WRG09RJHG03491,diesel,GMC,Yukon,4/12/1959,XS80,506667000000
QD41AI0852,RSSGJWVHHW0UUB77Z,843QYJ58KKDC62075,elec,GMC,Sonoma Club Coupe,11/2/1955,VG96,514888000000
JJ77LG4014,QJKDDU9PXS8DPV6IU,463DIE66FWAE33539,elec,GMC,Sonoma Club Coupe,31/10/1970,LY94,526440000000
NQ66RJ9467,1JXPVFF4PFI4BFIQ5,557UNL29LOJE24743,diesel,GMC,Yukon XL 2500,31/12/1972,VU18,551159000000
JU10HF7139,WXYM5EP9H0SX569YE,048VON80WYBH39171,cng,GMC,2500 Club Coupe,11/11/2013,CM53,580091000000
XI07ZM8755,NH4V4KE5W48BTBT3G,155VVC62PUWA23456,diesel,GMC,Savana 1500,9/4/1987,SO74,580907000000
DT69YK2578,XNB1TN0LXN09ZWWMY,309OML84GPWI70109,diesel,GMC,Rally Wagon 3500,28/07/1967,CR25,586472000000
HA03ZU9900,PLDH0OA7OWE3NT8F6,177SLP46RPTC15163,petrol,GMC,Sierra 1500,21/01/2000,JS65,601279000000
EO87PZ1790,NIUGZIESBPNDXLHYA,795PGB60TEAX15994,elec,GMC,Yukon,6/6/1944,DR43,632703000000
GQ98VU0083,IJUCWOJGM4NJ0II9P,850ZHV48QJVD94348,petrol,GMC,Suburban 2500,13/03/1945,IB36,636653000000
DY86VX3735,HKKKNBBU33SEHV1E9,270LOY95ULZT93864,elec,GMC,Sierra 3500,11/2/2009,LY21,645064000000
XG79KY0617,Z7HQ3IW8OVS2C0FUR,268GPZ30AIGR95007,elec,GMC,Yukon XL 2500,3/11/2019,WW24,654437000000
VN22GD8283,QYHXBGGV96CJC3SU6,275RZT60DRGI41367,elec,GMC,Sierra 3500,1/4/1960,QZ11,691977000000
IG27ZX7298,HPV9TNGBVOALJ1907,313JBO46OUMC56558,diesel,GMC,Canyon,28/10/2006,ZL70,703944000000
PD84ZB0056,0GH9EPDY5UZOZLDKJ,711MRF86SACO14633,diesel,GMC,Vandura 1500,28/02/1997,WR36,744625000000
ZK86DZ5209,GS1IPI3LX6DAQUPPT,594TKP14HVJX35110,elec,GMC,Canyon,11/8/1982,EP70,776535000000
FG55HE4438,VL56SDD5KWSVR7KJH,891QMZ18WVSB70944,cng,GMC,Vandura G3500,3/11/1980,OI04,790924000000
JZ80LB4325,LBHWVFEMVQJL0XS4A,172BHW41FKYS35045,diesel,GMC,Sonoma Club,2/3/1945,VA25,892037000000
OS27JA8602,VNYQ6D100ZZB3W1IN,517XLH38CHMU61914,elec,GMC,Acadia,7/6/1981,WZ80,898069000000
UG10KC8977,ZAI7IW2LVUYEQ959T,197NGR80HYJH77642,petrol,GMC,Yukon XL 1500,24/04/1965,YX72,926516000000
RG89BA7191,HHGEAJJ88IYRE22LE,728SZB10SCOW67073,cng,GMC,Savana 3500,19/12/1949,GR77,964421000000
QX13LT1278,VUHGR364UU7IKJDYZ,629ZPP02XHSN43677,elec,GMC,Yukon XL 2500,24/11/1979,ZB25,973181000000
BM63NZ1991,4WQR98E71FUMK304O,569XIP46PQSY24175,diesel,GMC,Yukon XL 1500,3/11/2017,JS27,979427000000
WX39VK7810,EQI2LQVZKVPIQMA7Z,574FIX93OJWK90630,elec,GMC,Yukon XL 1500,1/7/1951,XU47,993499000000
TD73JF1362,A27N8NEC1FAW4VNCW,543CRF06LWCI40985,diesel,Honda,CR-V,23/02/1948,WL32,221438000000
OE24ZC0676,APM2RWVM4LFL4PE2K,399QVA00DRWQ67761,elec,Honda,CR-Z,2/12/1951,VV93,240239000000
DK97GX6967,JCCH74BZNKG9I3V9X,666JSL17JWES51448,elec,Honda,Odyssey,9/6/1992,OQ20,278192000000
QJ27GS1442,1Q7LJX3AH84CEJLRT,273BQF98ZRDM23220,petrol,Honda,Element,22/12/1980,JO23,288414000000
SZ91FW5211,8UH13TMA34ANSNVY2,230SIO97OHAW97337,diesel,Honda,Insight,18/02/1975,YH83,296436000000
NN65IQ8839,USUVRZ4XDRJLQPTPR,660HCD15ISBU21254,cng,Honda,Civic,22/07/1941,KX83,321939000000
PZ43BU3546,B29J5PT56F1UBKKIZ,549REO76QITT93379,cng,Honda,Insight,21/12/1945,RU57,629933000000
WH20TR1568,0G2TBJ8TNEV4JRH9U,116ZII38VDZN05985,elec,Honda,Insight,24/10/1946,WD18,652555000000
MM35OA2363,H1EP0TRPZ6ZDF4KHY,636THZ06MGTP36109,cng,Honda,Accord,18/08/2008,SK57,677885000000
YD38ND1401,A83PBXEH3XLA6C6KU,482CPO61GQGH31225,cng,Honda,Passport,30/07/1965,UF66,807267000000
TC23QM5153,KFIIKJ2QOWEWEXQEC,642DKL46OAMT69267,petrol,Honda,Odyssey,22/01/1961,KP16,830053000000
CK80GY7497,87P6CKGOVVYGUZJCH,312DOA21WDMT89433,diesel,Honda,Pilot,12/12/1978,TF93,906662000000
DT28QO2879,QBLXOJCY10134LRZ2,359JYU47WKEG63038,cng,Honda,Pilot,4/9/2012,EV50,966530000000
NP62ET5969,MWJLFVTMSM1C3ZR5X,995IBX88JEOF35269,elec,Honda,Prelude,20/09/2004,YE70,968426000000
IV29QM4674,KWU5U9MP388QY5IFG,425LPO77WPDP05601,petrol,Honda,S2000,11/11/1993,DJ00,983224000000
RO80FF9575,Q1JP4W22B2QC6SWKP,219GSS24LWGA04187,petrol,Honda,Odyssey,16/09/1942,HR89,986052000000
FJ06EI3760,BS3O2SHV2R8CURK9D,585FVK13EUFM51673,petrol,Honda,Ridgeline,5/11/2016,NF86,997957000000
XW22JR8937,STJD013E7LF74YE59,239RSH56HSYB86572,cng,Hummer,H2,24/10/1955,BX70,139594000000
SR37SB9457,0UYPVNJFK332XUR5G,630FNP07GRBF81107,petrol,Hummer,H1,7/1/1954,HU31,552880000000
CF22KD0192,TVTCCKAHVKB6QG5GD,196VTU97UMZA85715,petrol,Hummer,H1,18/12/1961,HN34,563453000000
LA25OM3040,CY8Q9P4WISHFRTV45,162TVM58EBMQ36608,petrol,Hummer,H3T,30/09/1988,KB77,699579000000
BU37VB7878,NU2UI85RUXTU1FWB3,952QPQ72XBPP78640,elec,Hummer,H1,28/05/1946,XR22,891744000000
SM84FE1124,6QMDEOA8DFOB8WSY4,568QJR86JALU56172,petrol,Hyundai,Sonata,25/02/1952,OA28,103989000000
IJ72LB4359,OOTUQC1V7S5T3UCKN,024XNG50MLHI57162,elec,Hyundai,Elantra,13/02/2005,XE58,150453000000
UO35TL8576,YN2WXRM14WCEP6FHY,819DNS41YIGL71956,cng,Hyundai,XG350,15/05/1940,FG45,152406000000
EY77PF4633,B1M987XX6JMFRBOOD,649LBB17HEHN13724,diesel,Hyundai,Sonata,14/02/1997,LS87,193650000000
BQ29QY3981,3N8GIM9O85QPVUBUC,254AXY70ZYDV73226,diesel,Hyundai,Azera,29/09/1963,XV51,257939000000
HE63OM4732,DBCOQFTRU0NRYIA8L,874TXK30RIZL33631,petrol,Hyundai,XG350,9/6/1961,RH83,284182000000
NN28KM3449,WM49GMMY75YLIC35P,201XOA94PBRR89300,diesel,Hyundai,Accent,1/1/1953,CK10,296179000000
CE53MK5773,ZN4NWW8U9VRR0SFGQ,744HVN28PDYK84278,cng,Hyundai,Sonata,5/1/1972,AR96,320404000000
SR54WN7877,U94TE3HUSJNCTUEFI,375BRA55VWFG21041,petrol,Hyundai,XG350,3/1/1958,IT97,379506000000
RD11CN8253,NU5W01NHP563VAI7Q,780SBV11BBHQ33175,petrol,Hyundai,Sonata,12/10/1983,UE37,404011000000
GT42XT4452,5YU8UA1DGLNZMZCOK,905VDM22IAMM74024,diesel,Hyundai,Santa Fe,30/09/2018,UM15,446713000000
JT34AL5051,78F0Z02AZ03IVYJNG,857BMW48MBVT52097,cng,Hyundai,Genesis,20/12/2004,EJ04,494187000000
UT58GO1152,0DUDQ3PPQV7Q5FKX3,302YHG79JJAQ99824,petrol,Hyundai,Elantra,3/3/1998,KJ11,534882000000
PY58EU6739,YLZQRO7LEL0JMEAVY,309DDZ56LBZJ95847,cng,Hyundai,Scoupe,2/8/1998,WD72,538377000000
KX80AV5899,ZNQ45VQH5SJ2TA4TM,544ZHG45PDYL01947,cng,Hyundai,XG350,18/10/1992,UO84,593777000000
RX25JI0427,1CYYZXLRA2SQFBJCL,853ZWV94VEVH92126,petrol,Hyundai,Elantra,20/09/1962,VX64,659399000000
WR64QN6263,TEQSTXPC4FP137O9O,027NZE44XRXN01040,diesel,Hyundai,Elantra,31/07/1961,SQ94,667095000000
LQ36KM6533,FCGZK08NEJS1MW925,769JNI53YQCS89363,petrol,Hyundai,Accent,14/05/1982,RS70,717154000000
ZX37JI8437,AL7J9HOLKKBWPKPIL,354PBE98DNHQ23960,elec,Hyundai,Sonata,20/04/1982,BV10,770236000000
SW13DG0653,MNXT2HZG3K0U7VVPU,190ZEF02BLGS29623,elec,Hyundai,Veloster,1/10/1946,DW86,875356000000
BE88IJ0110,96OYTIXA1EB0612ZB,031UYX00MZGS69470,diesel,Hyundai,Elantra,28/06/1976,TQ16,891110000000
XN67NO6323,LNUGQ34POJB6ROGI6,860HSZ92LACM33988,elec,Infiniti,EX,6/12/2018,OJ39,187385000000
EK59UA5555,S4UL16PDL6AQ81HP5,778HGP26NBPA65991,cng,Infiniti,Q,2/6/1962,IW51,229542000000
FQ25QR6078,3NYWN9MAA6Z3D89W2,695NYU74TBAJ49513,cng,Infiniti,G37,29/03/1948,NK81,276103000000
KP90PI4527,BUCJHA3578IU4WDXF,868CEL93JEAF97355,elec,Infiniti,Q,15/02/1942,XW15,304333000000
WX53EA7008,N05EAZ8NT4OH8F9NU,269MWY65YYWE64339,diesel,Infiniti,G,12/6/2013,TR94,410599000000
HS90NM2597,JR0WU9CY4YA5B27G2,922LXM43UYEA55613,diesel,Infiniti,JX,26/04/1996,PG69,424630000000
WZ21NH2454,SWMMTFYMW7RH95R3M,442LSW99NFRE16209,diesel,Infiniti,QX,9/6/1962,ES44,431998000000
FS79MF7834,BW1O8CEHJRHMA5OKO,708GES82AEJC45067,petrol,Infiniti,FX,25/06/2010,TI13,450772000000
GF32KB6064,RT1W4F9OFB6CMA09U,782PFQ57GBOH40893,diesel,Infiniti,FX,15/05/1940,FF53,466673000000
XW34IN4804,H18GLKRRRHDAFPNVP,905PTD12BXVP09038,diesel,Infiniti,QX56,6/10/1958,DC99,473897000000
EE05TL8082,Z2QVM6A81JH67ZUR0,190QQJ08TENE45071,elec,Infiniti,M,8/7/2009,GR42,500546000000
CM64QE1133,SQLWLX4I0X9QT88OU,568XDU49FSEB34608,diesel,Infiniti,G,15/09/1968,LA24,552035000000
PM89AQ7638,WBFTP8ZVPTDW8JI2F,750MCP65KPEW37759,diesel,Infiniti,G,15/11/2012,PN95,581806000000
YJ26QI5211,SK2DGNMSVR4S00TAE,737PVA12ZWEI47751,diesel,Infiniti,FX,17/07/1952,ZK46,669903000000
OO31GG5542,OIQB1RJJ79W086Z8D,339VHO80MLWB70010,diesel,Infiniti,Q,14/10/1978,EA54,703667000000
VU63FW8757,M00WULH5X0W272OW4,344BGB25KHXJ93589,elec,Infiniti,M,9/12/2006,IC00,718321000000
OG72YG8651,1VOCSV082ZH688MOB,720AEC57FIRD39537,elec,Infiniti,G,7/3/1987,KW23,727796000000
AY40RX7504,VENESUG4OSZX40FYB,242XLO60UFKY91163,elec,Infiniti,FX,18/03/1957,CS07,760932000000
VV09OZ5008,LDTJWMI66TES8BCRB,938FUO70VWCU93126,cng,Infiniti,G,24/01/1992,KF82,907597000000
KF00QG1500,9DQTLY29ZDRC394TC,847NOD15CLSO46722,cng,Infiniti,J,16/04/1978,BC64,984129000000
BY03UK7906,BJRI02276JISRFZBC,022BOQ37UGPO03193,cng,Isuzu,Trooper,2/11/2009,AG97,150443000000
XT65BE7169,OR4WCO4HGWM52BBU5,333BPZ57PZJM00378,elec,Isuzu,Ascender,26/05/1974,LK52,161353000000
ZI60PK8995,VJ2AMRIHPHO53KFA1,148ZOH23DULE08358,diesel,Isuzu,Rodeo Sport,22/09/1950,HM45,367780000000
EL00VQ2072,QDKIY28SKJI3EW3Y1,588EAM21RIJY84805,elec,Isuzu,Trooper,11/1/2013,HY24,407012000000
IE74JT9182,VBUADAW9842WQNVFX,815DIK82EZOF00293,elec,Isuzu,i-Series,5/9/2001,CY86,434343000000
RC83RN2399,RFY7Z02XQFCU0XPNP,183KDK95EODZ81454,petrol,Isuzu,Amigo,6/12/1973,CB96,485696000000
PX74YA7789,0L2OGX964OUO7ZDTU,471BEO95LFFH80541,cng,Isuzu,Trooper,27/05/1987,RU71,559750000000
MT35RZ4130,JX3G52CLNOVZSLHAX,410VZG08ZDNP15097,petrol,Isuzu,Trooper,22/04/2010,DI12,585690000000
XF52CS3986,DOUEHJGGLBHPUX7D3,348LDT24SQGK75806,elec,Isuzu,Space,10/12/1956,JL36,600513000000
XW91ER8302,QY037YU33N3RGVKKK,410EGD91WYBH45268,diesel,Isuzu,Impulse,9/7/2007,LN61,848854000000
AT41SV8713,KNB5QVQ22EEZPH0L0,100YST13OJYJ89785,diesel,Isuzu,Hombre Space,6/5/1955,KH47,873979000000
OG94QI0512,UTUQ7UMQ74AYF67M6,427SAQ43EHTR04408,petrol,Jaguar,S-Type,14/09/2000,OM40,197424000000
WJ35TB6770,MGCB9D2J4PFMQUC1S,294ODN39XBKE94690,cng,Jaguar,XJ Series,28/10/1972,EM93,212172000000
NX20NB8056,GWU253HKU8KODJL5S,541NZY34BZCS05771,cng,Jaguar,XK,22/11/2000,QR29,700561000000
TC43ZF5122,UR5K9BJDGAVJEX64X,938BXT08XCJV18644,elec,Jaguar,XK,1/5/1957,BG41,747974000000
PP62DV1382,6EVX4F5NWXQ4JOLKZ,647QER20ELKO94641,diesel,Jaguar,S-Type,2/2/1982,DA29,828896000000
YZ00TX3210,Y4SQ5353ORVMQBVKK,709LEO05CHTT33909,petrol,Jeep,Patriot,27/10/2014,DA68,111855000000
WX01KO5057,B9U4YLZFM38R7UORV,057FUQ51YXSI86051,elec,Jeep,Patriot,16/01/1965,JD25,156789000000
VL64NI5912,AHCO629G8JSDVDIND,129RQW85JKRD95137,petrol,Jeep,Liberty,23/11/1947,WM79,287688000000
IW35TO4994,LWQLMKBZDQREXXCXY,169DRL56JDWE10745,petrol,Jeep,Commander,10/5/1978,BW98,466455000000
WE36NU1967,BT7U1SVHA4NHDKZI8,853RAJ85BAHS66018,elec,Jeep,Grand Cherokee,26/09/2008,PX01,488481000000
KB65NS3953,29JJKLTGR461ITEI3,798LKD36HIKR80764,cng,Jeep,Liberty,22/09/1994,IW27,508511000000
GM94SO5062,IP0YL762KYJ4V3HIC,228XDK90XJEN48135,petrol,Jeep,Cherokee,3/2/1975,KP68,566585000000
FX49RI9655,210WRN37R6V1RGQ1A,886ETN64WPHA08367,petrol,Jeep,Grand Cherokee,27/12/1974,WZ75,626058000000
FY05YZ2455,PA70B4C03K7PFZQYD,730OXM02BCWZ94481,petrol,Jeep,Wrangler,4/8/2014,DV78,696908000000
EX65RW3231,NRG845K18FX7K0TAI,474MIQ50FJUF02476,diesel,Jeep,Grand Cherokee,29/09/1994,OB31,820896000000
RT04AU6706,ZVR0AW16S0K2TCKNQ,435GYC76LNTZ77982,elec,Jeep,Liberty,7/8/1970,ZU01,853246000000
AF98JC9796,6PD20YH1KUE41EZ5Q,145UXL12VHYT54346,petrol,Jeep,Wrangler,10/11/1940,KA56,887499000000
UL14OZ4144,2E7GCUKZXWNNUZJOO,933DAU17JNNB09874,petrol,Jeep,Grand Cherokee,15/09/1962,KW02,923563000000
VZ97PF2782,T0NCFP6ZHTP9OIDT0,448JCS51WZVO27126,elec,Jeep,Wrangler,31/08/2001,DW30,929327000000
BV08SJ1291,OZ6BHU0GFV04183JT,782IBJ30OKHL70727,diesel,Jeep,Grand Cherokee,15/12/1946,BK00,933987000000
AJ84ND0475,PLEHQRRHGT4W6YTH4,302TIE37WFKC79892,cng,Jensen,Interceptor,30/10/1958,OD33,440355000000
JD86RA7401,KX3FHBLG3DV0S51GA,450KOX29SXIG56105,diesel,Kia,Sorento,12/3/1943,HD95,221063000000
MI91NG5824,30VUJINB7OP6QQO90,785KWU10OYFR78026,diesel,Kia,Sorento,7/7/2009,PC51,233871000000
IM78PV2948,A5XM4WVSKLFJX5R1U,416HIA91RLVS18543,cng,Kia,Sephia,1/7/2012,LD62,245803000000
TW36RJ5014,BHKR9SBBGPFG2JDN7,421IZO62CEZQ35077,elec,Kia,Sportage,23/01/2012,RS12,332516000000
TW84TV6880,NX39X4U2ZRY3QVMYY,785LZW00EPBR87267,cng,Kia,Sorento,22/11/1983,FP49,342240000000
IJ59OQ6109,GW22GTOC4JDED9UID,907NSM19JXMD53419,elec,Kia,Sportage,1/6/1948,DG80,350680000000
OQ45DL5784,FKOR8H9X76EAFMT13,883JQD54QBZA72450,petrol,Kia,Sorento,11/5/2014,SX89,400483000000
MN54UE9581,5LQM6FB9PGNUAUYRG,784TIB02MSCJ99267,cng,Kia,Sportage,11/11/1944,RE10,436244000000
TD82OA7026,EA84TB1988VYSUJPX,020FPP94JTRU20767,elec,Kia,Spectra5,28/04/1997,CK47,487057000000
TP82KC2336,O4CXL1TIDAHV06OSC,908AJP67QXDH75934,petrol,Kia,Amanti,24/10/2002,HA18,619778000000
SQ72XB9424,LPW5DCR19JXXPVHL2,100CTZ56NNEO73163,diesel,Kia,Soul,16/10/1999,YF20,631537000000
WQ50UC3859,D0QNRBD2UB7JB38VU,789IHO56CPXL19819,cng,Kia,Sportage,24/07/2014,ZH03,646293000000
KM80DF5596,75JURY07V2U3H0HR6,936VMF21CAKZ20335,elec,Kia,Spectra,14/09/2016,HQ69,733455000000
AZ65QW7069,283GB0OD3E4J7FSBR,798ZXU65XXJX43843,elec,Kia,Sedona,20/09/1950,SP16,763609000000
CH92MC3292,IZYW9SW504DNZSI6P,826QTE69HEVN65598,elec,Kia,Sephia,1/9/1953,TG78,764415000000
RC33XE4259,I8E5EF9XL4CNN090F,209XYV42AZEH44947,cng,Kia,Rio,21/09/1972,TU28,879704000000
NQ44EX2648,JV96HGKVJ413II3P0,810LTB45HPSG19856,cng,Kia,Sedona,28/12/1980,QM11,927172000000
RZ31VW0423,9NK8RTINOGBL2O64V,819OEI25EIAQ77904,diesel,Kia,Carens,26/03/2001,VK69,962242000000
WC00ZT3151,N6SK4BYXBNYD68M6F,019DYP71JQDF46364,cng,Kia,Rio,26/05/1949,MH88,962865000000
WI88US1467,OCN3AYKT9SYL9ULK6,065CJJ01CLSZ29013,cng,Kia,Spectra,25/09/1956,DG87,975053000000
QX76HL0966,BY5AQI590XNHE8OM4,812YBJ48ZRBX20351,petrol,Lamborghini,Gallardo,28/06/1985,WG41,163431000000
OF45KZ9190,US3IIIM15BD9CQVXL,958FFW69XAFF53697,elec,Lamborghini,MurciÃ©lago,22/01/1979,HE01,430951000000
ME37AI1268,DN5UGATTJJUGOF216,107ZLI37WQVT15633,petrol,Lamborghini,Diablo,11/1/1981,YZ62,661964000000
FR00CX0694,00830KTTXVXDZI5SE,465OVO93EMBM13114,diesel,Lamborghini,MurciÃ©lago,8/12/2013,XF76,870858000000
IX95UC2761,XNSB9DJV0VRZZKZ46,666BTT97PWWG01601,diesel,Lamborghini,Gallardo,20/08/2017,HM70,900900000000
YS19OU4467,SFTQ3HF098EG39THU,480CYM93CWIB21556,petrol,Lamborghini,MurciÃ©lago,5/12/1976,VJ53,976005000000
GO15KY3229,LW0FQFF8FQRLZJB0C,483EMY13ZYPU87388,elec,Land Rover,LR4,24/12/2013,NE24,197758000000
OR18VM6056,06D45DCV1IEMGBGW9,076GKK43IWMU60917,cng,Land Rover,LR3,8/12/1973,UM81,270341000000
KW95FB9042,TTKY8BKXGYV0ZCRHF,826RDC70NEAW74398,petrol,Land Rover,Discovery Series II,23/06/1952,VC69,385558000000
CK69IE2113,2JB3BW8B3868Y7GV8,508DRF68FJNU26596,petrol,Land Rover,Range Rover,6/7/2001,ZS41,528259000000
UD82EB1265,QA7MH17TND7ENW6PL,378RRE73AOWE97102,elec,Land Rover,Range Rover Evoque,17/01/2015,GY01,529743000000
ZX92MX3591,OLZFVHXMN7ZG8XPYN,225UEH96THNM85787,cng,Land Rover,Discovery,4/5/2011,ZJ95,682475000000
RF07SV5848,JQ01FQ5NM5OJ859PV,988BPZ67YCYG44583,elec,Land Rover,LR2,15/06/2018,PQ73,689162000000
MM83QJ7496,0XUP8FM47VPXG8E3V,975JVM65OZPB08153,elec,Land Rover,Discovery,15/07/2012,IO48,854722000000
RE84KI5307,4OM6LCT4FHKKL48GY,765XMS30VCDH27876,diesel,Land Rover,Discovery,10/8/1966,FU57,883300000000
EF52CF4612,8PGKLOG40XC7ZFACB,178FCS07HCXY11690,petrol,Land Rover,Sterling,10/9/1995,YD70,974848000000
BM48QN9651,EY3MCZ0T7ZX4GKF87,129ZKD85QAUC96581,elec,Lexus,IS-F,27/09/2017,LP06,166113000000
YG89SD6127,LBXBWSNYUDTY1JEAX,809BFU22XNJS74274,elec,Lexus,LS,6/10/1987,NI41,199932000000
LA98SF5181,LMGVENAA1V5N0S0RI,283UNP30ZYVP25673,elec,Lexus,ES,13/04/1978,YD28,200868000000
BF20QE6583,HHN9KPV1UT424134C,773NSI90WZXW32006,diesel,Lexus,ES,26/07/1995,UZ07,314494000000
LQ76GO5329,ISB7ON648W7K6WSTR,242HNI92QOMN14535,cng,Lexus,ES,12/4/2012,PU54,318228000000
AB75PE9784,VYX26OLAIOGZ5HM5C,108AXQ50GVFR93177,petrol,Lexus,LX,4/10/1959,CD60,325402000000
NQ03OL4988,GVPIMSMS84DVHUTPG,231RXD48BZQJ38580,petrol,Lexus,SC,17/02/2015,CR15,395626000000
RS69DA6456,SRR4JVXHT9CCP3I8T,078HTT94FHQT89228,elec,Lexus,GS,11/2/2008,CO94,396517000000
KM30WS5188,YJBPTPQPUT1TDPN8L,392CSW48ARBK21292,cng,Lexus,LS,25/06/2007,HA80,501517000000
FG89RO6921,PNG9CZO7VODH4BVOS,832IPN63TGQJ03129,petrol,Lexus,GX,28/07/2019,OS88,512446000000
JX69WR4904,HWBTTWG914VVEHY5E,162IPO08QDBK15436,diesel,Lexus,ES,23/11/2012,SD84,544556000000
KW74IC7014,F2B3E21YXP9XUYTWZ,149JBA48KWMB12480,diesel,Lexus,IS,10/10/1984,JH37,564426000000
QF04KS6463,Z8WY39ADY54P1W1ME,717NVD44QMBT04819,cng,Lexus,ES,8/7/2008,AR65,565584000000
OW86TL4243,1RXJ61HXEI1ZFTISH,012QRS74QRJU65614,cng,Lexus,LX,29/07/1961,JO36,601802000000
LV46SS0526,95FTAWOA7BSY81PHH,808ATH14DAXQ37280,elec,Lexus,GS,31/07/1941,WI16,607107000000
IR46OU8549,KB549RN166UUFSDC1,080CGE98SVNH90302,diesel,Lexus,SC,15/10/1943,ZF79,648372000000
WU61JT0558,VR5UIL01LF5KI8IGB,110MDK47ECID90851,cng,Lexus,ES,12/5/1971,CA48,767867000000
CC01JQ9177,2GJ9P2EDZGTHYPAA2,899BSY30KHBP64796,diesel,Lexus,RX,6/9/1957,CF86,804311000000
FZ77RN0892,2GCRRE4Y8QX8ZVMK1,374XDO71ZPUQ59489,diesel,Lexus,LX,11/1/1980,UN94,804964000000
RJ93GI3743,6EI5SEJIAY1N3WOYN,917JGO63CFSN68522,petrol,Lexus,GS,2/3/1979,SU03,946123000000
RV78UX6078,30010X9MA5LU5BA3U,275IGP63YDEI31306,diesel,Lexus,RX,28/02/1986,IJ04,980750000000
WW03VA5406,NWZH1K9FO8IKT3KN5,859AOM04KKLF34773,elec,Lexus,RX,7/11/1963,RN20,986403000000
TP55RS2907,6UV0ICF4P07P5J38Z,747NIQ91LRSX13511,cng,Lincoln,Continental Mark VII,19/11/1978,AG86,126750000000
HU55CP2562,7VUTZQHC7RBBMXQDZ,206QXO01PRMS64219,cng,Lincoln,Mark LT,28/07/1989,CW59,199369000000
RF12FH0609,WTD3W27UDOFKBPZB2,730GTF43ZNWK06694,diesel,Lincoln,Continental Mark VII,23/03/1990,QH86,229038000000
GC88ZG8107,1IO1ZDCGCSYOOXEFM,847BCZ33OUFE58535,diesel,Lincoln,MKS,23/11/1951,QF57,240927000000
IP87JN2783,P875ZBIDFCU7YTYKX,866SHU28NPJG67326,cng,Lincoln,Town Car,19/05/1947,FA67,303957000000
OZ17KU3685,QVR3WSIX8A7FIXEWM,666IFN56HOFA44532,petrol,Lincoln,Continental,19/01/1970,JK79,318652000000
HN65AR9636,AYQ19GTY8S4YTXRJN,265ATP61MCPA90797,petrol,Lincoln,MKS,23/11/2016,LY00,410713000000
DT91JE8317,RB059RB3ALMLVABM6,598QXP26KOQC81665,diesel,Lincoln,Navigator L,19/04/1970,IP01,501670000000
JP68SD3911,E4I4MHKPXGC89EPVV,940HZT04NWID66222,petrol,Lincoln,Blackwood,1/3/2009,CV47,541137000000
LX77TR4218,1C86UW9VUR3T0QCV0,956TOO10OABS40697,petrol,Lincoln,Blackwood,15/03/1964,SO90,554826000000
VJ97XI6975,15I5714EQCWR4DYLJ,631PRX29FLTD88752,petrol,Lincoln,MKX,18/01/1957,OL96,602809000000
VP20CJ7159,NXIKSTP1IHC1MXPTS,079PUL15MPUP42746,elec,Lincoln,LS,7/2/1959,KE07,635106000000
BF29RS4501,OBNX2P8XFF4UG7S1L,891FYC40TMIL98119,diesel,Lincoln,Continental,18/01/1969,EW33,662381000000
TT85OL4953,J1R4WTJI3XJWE5JYD,752EMC57PSXP58241,cng,Lincoln,Navigator,26/06/1965,UW89,740130000000
TY69VA0092,HF1NSGJOIA5SWMHIV,885VTF69CLWF79550,cng,Lincoln,Continental,17/06/1946,DK01,762866000000
TG26NZ8370,5FZ64KIVKXAZG42L7,449MDH94GYSQ96075,elec,Lincoln,Continental,24/10/1958,BQ30,785236000000
PK02FU9461,Z43RKMZLY1KRJIG8Y,433BBV08LPFS72884,cng,Lincoln,Continental,18/06/1998,PC60,820029000000
FP01VJ5648,P2BKX7BC95R5ZN73S,745JDN69IGRU29019,elec,Lincoln,LS,3/11/1978,WH44,925472000000
NX10XD5497,O1D22AV91IZ449TKU,490AMY90IHLA48940,petrol,Lincoln,Town Car,21/08/1966,AN96,976792000000
NB72KX2719,JH9R52KHK0SKXAYVJ,579ODG75GCXB09587,petrol,Lincoln,Town Car,9/5/2003,AQ39,980903000000
XE56LW3848,VD5T3M33JJT03RG6A,667QFE34MRYP60142,cng,Lotus,Elan,6/9/1984,RC93,103588000000
ZU96RS7527,8IKIF0BBN0FJTK0AS,463TXX64TOBW81814,petrol,Lotus,Esprit,30/12/2003,VG61,338230000000
UT15HI0267,KSN85JJW67H1JX0OH,670BAY69TTIO22054,diesel,Lotus,Esprit,1/2/1995,OA82,426319000000
LB08JP8356,WL2NIYKOHM7KBI3DZ,651CKI30MUMD04600,diesel,Lotus,Esprit,1/6/1983,WM54,460787000000
ZI74QF1654,XDDL9W4Q8ZAARX9ZZ,781VAA31IKMF48921,cng,Lotus,Evora,20/07/1966,FN67,485046000000
IL63PD4089,HP6MMVNB7WJ2ZP7AK,719XHD36CAAC08024,elec,Lotus,Evora,20/08/1973,RU43,733669000000
MU26NR4399,4ZU6ICBMCB1A4SEXM,758QAJ08NKTI77669,diesel,Maserati,Spyder,4/12/2011,AV68,120100000000
YC09LP5371,JG1CKQ8NSQ7XRN13I,347IZR71AWUQ17277,diesel,Maserati,GranTurismo,9/4/2010,FB25,156777000000
RZ00ER5333,7JR1GK8J4Z3KZJ11U,066SGC84FOKE34821,cng,Maserati,Spyder,14/08/2012,SG83,159207000000
LP97UD8644,BZBZ7WSH64P2260TB,557KFM28RIIJ11821,diesel,Maserati,430,10/4/1989,YP69,418488000000
TC96FN7978,DJBD19CN0R15EE7LN,746PSG15MJRH28665,elec,Maserati,GranSport,16/06/1940,AU71,958770000000
AK71MY0912,Y7T67BAQIHPG6VUWA,766IFO37EATK72113,elec,Maybach,Landaulet,2/4/2015,GD16,367010000000
NC98CJ9340,JXT45VRSQ82E5VKST,939CXA21XABS64221,elec,Maybach,Landaulet,24/05/2019,ZO54,860860000000
GK09JO5090,YW2H7JX48AMP0758G,820XRY83LTCT82248,diesel,Mazda,Miata MX-5,7/6/1954,OR85,117401000000
UP38AC4453,67J3WWY37NJF6EW1A,003WUX61AENP80734,elec,Mazda,Navajo,19/10/2008,TH55,178907000000
OR41RV1687,1J6J2C7VODLN604RD,586VYO61CCKO45392,diesel,Mazda,B-Series,19/08/1989,CB26,194786000000
EW48BG6772,E6YRCGQ1TMHQQFN0C,469COW00QGKL36491,cng,Mazda,Millenia,29/06/1999,DL88,221662000000
IX71ML4526,TG4BJQ8J4JQY98SPB,175NBH16KOHY70454,diesel,Mazda,Tribute,11/1/1960,UP79,221848000000
UD28KA7212,DVFKW1N5ROS6DOSO0,940HQK54ZOIO50481,elec,Mazda,929,16/11/1972,EI83,227805000000
TX95SG8727,O7DY8Y1EEBGB41YVI,766XTO57OUES89341,elec,Mazda,Mazda3,23/07/1998,XW95,233377000000
UK19EQ0585,TGUFXC16DN491Z9UQ,639WMS87VDLS17400,cng,Mazda,Protege5,1/1/2003,HE86,236288000000
MQ28KP9685,QKB3A98QBKUCYDZ1M,187NSY15PGRT86011,petrol,Mazda,RX-8,3/5/1987,SU44,285055000000
WS24PU0772,JGO4DA71XC44OQAD3,124MGN07OTCO59011,diesel,Mazda,929,4/2/1982,NM39,305007000000
JB53LI0465,R13PT5NH6XBAA98KI,565DRH96KLAJ91215,diesel,Mazda,Protege5,30/08/1981,TB65,370789000000
SP23HI6327,HSUCTGJ7IVKU8FOTM,963JXO49SKQZ17564,cng,Mazda,929,16/01/1978,JN62,377617000000
WG99JN2310,OH03Y1FGYGTJSIJPC,728TFJ49DJNB34295,cng,Mazda,Protege,25/07/1981,LB29,389386000000
BZ16JB0782,ZAX6L88MN3N2VUQX1,747ECW90GWKX71347,elec,Mazda,Mazda3,29/12/1948,KD28,401968000000
XR69SJ7755,AC2T5SCGWR796STWH,747ZIU87MYJP06734,diesel,Mazda,Mazda6,3/1/2011,SR69,422658000000
CK48PR4444,CZMBE2UWJTGAQKIHZ,586OUV87ZJLW41416,diesel,Mazda,MX-5,25/03/1974,AC70,485542000000
IR40CW7089,VUWH2RZ2FQP5078KP,025UAD20QELO97380,elec,Mazda,MPV,17/01/1956,JA96,644831000000
GP63TN2986,C4INYOFPPYEV6IPXU,618ZLV97LTYW93775,elec,Mazda,MX-5,23/09/2004,VH34,650432000000
BG89SI2504,IXWHD0NADRF1FHSJI,051OTM24ATRT02915,petrol,Mazda,RX-7,19/07/1992,EJ36,659559000000
AO84JV1453,54IJW7Q7A8EX50MAB,801MON80VGWA34747,petrol,Mazda,RX-7,27/07/1974,FJ96,672708000000
PR33ZD2259,YY4AKBVSKKDB608V9,408GEQ34VKDA17303,diesel,Mazda,MX-5,19/01/1974,LF40,683742000000
SC25AG0379,OB81GBQ6RRJKQVFSO,695HKY47VQVE72630,petrol,Mazda,MX-5,30/08/1977,ZF92,713398000000
VM38DH7047,DLQCEY076K5B4W9WJ,569GSX10DXLU97483,petrol,Mazda,Miata MX-5,5/7/1946,XC18,751604000000
WY11MV3554,7F57X8WVK152BNCKY,363AJW71CREB28533,diesel,Mazda,CX-7,27/01/1982,CM43,763743000000
RZ60YC0481,XWXF5172T0QWTMTNC,241DBI56CAIR29054,petrol,Mazda,Mazda6,23/02/2001,UH66,786712000000
GW39CF0658,SAULEAUECQQCG8PA5,723AXU91OLLC27656,diesel,Mazda,B-Series,11/1/1961,ZF32,793051000000
UJ68ZS5896,16AW8IW3A2XORX060,270KFV99HQNB83946,diesel,Mazda,Mazda6,18/07/1999,IG45,813750000000
DX25RP2470,PZIIZN6LTUWZLVNLE,646TMR97OJWP80669,elec,Mazda,B-Series,5/9/1943,SI07,817232000000
CD81VN2891,F0DU321DUEYR6WRX8,119ARI28LESU13159,cng,Mazda,Millenia,17/04/2019,AK76,851287000000
VA86GY8613,URHDTUOX2PMGQQCMQ,659FNN86RBOP86880,elec,Mazda,626,16/09/2004,NH92,858128000000
YN34OW6420,8I1PRLQP4UYWO7JMB,114QDC42YKXI72568,cng,Mazda,MPV,4/8/1955,BJ02,892333000000
CZ50LI1290,XT5Z67MI23J4C9H1C,683OWC00HTQA70605,cng,Mazda,MX-5,26/10/1993,EH25,914120000000
GO22KN2643,A09GKFT4IXJMZ61BH,000RAH43VGRJ68926,elec,Mazda,MPV,30/11/2011,UL79,919038000000
OX38LE4121,LCZWUHHW99GJYIYU0,363KZW23AKNY26045,petrol,Mazda,MPV,2/6/1999,QX67,921036000000
RH68UE5812,0JTZ6E06Z9C64BKR3,327KMJ55AAIA91494,elec,Mazda,Mazdaspeed 3,22/07/1960,LB93,922217000000
EM20UZ4936,2CO5FDKKD7YBPA1FR,660WBZ08LZGW73365,elec,Mazda,CX-5,19/01/1995,DO12,956375000000
LI29PP2830,D95MBD8GS56TE6AEN,942WUS89QMKL49099,elec,Mazda,MX-3,31/10/1974,RC70,967901000000
ZM54MR2700,PD86QMAID6DW0BZ6S,075OYL59XVES90129,petrol,Mazda,Miata MX-5,22/07/1964,OF87,993663000000
NG00KG2548,SPLV41ORWQZW6DE2V,920CRM51MIRJ78536,elec,Mercedes-Benz,Sprinter 3500,22/01/1997,ZO16,138097000000
CN99LO0546,7425LJI8XIC753X97,393MXK55KGRJ21892,cng,Mercedes-Benz,E-Class,3/10/1941,MY29,246211000000
VO22NE9727,NM9FSATUDGU2YXRQD,067GWS33MTVF03261,diesel,Mercedes-Benz,C-Class,10/11/1969,NA82,269616000000
LR23QA4241,F68U0HJZFU9HHO5D3,197HAO68IAVS78943,diesel,Mercedes-Benz,S-Class,17/10/1948,TI65,283373000000
PF69IP0044,RADBLLTJ7F0BUSXNA,008IJG98YKGO09079,petrol,Mercedes-Benz,SL65 AMG,19/04/2005,MM56,295743000000
EP54GH2247,IFVKYQF273LWGKJ16,381ZHR33GRYU22048,cng,Mercedes-Benz,M-Class,21/12/1942,AT09,319123000000
CO19WV6407,ZQ6T7XUBOX7BYMGBJ,580NFO59IKRG77250,diesel,Mercedes-Benz,SLK-Class,16/05/1982,OM80,322755000000
MJ60JD0444,FSJDTAF8HTNIP1KOT,129NDY67WXQF88303,petrol,Mercedes-Benz,S-Class,4/4/1941,GY64,325502000000
EK42NW5346,0XKKYTAQG7OQPBPHR,733OLU21OUCA07247,diesel,Mercedes-Benz,SLK-Class,19/06/1945,GC34,330684000000
FC14KR9892,D11DF3K601JONXC7S,643ZSF94XHZL70069,elec,Mercedes-Benz,C-Class,23/04/1981,RC97,347120000000
TF25ST2591,8RTSSHBDTRB5HOOYG,547AAL91LFNM17480,petrol,Mercedes-Benz,W201,16/11/2008,GN57,352415000000
DK61BY6975,6RTAY9VHBU6PFE13P,638LLJ42MWNK59432,cng,Mercedes-Benz,GL-Class,7/12/2014,TV75,420666000000
ZE28CO0710,KMC0K2MOJMD3TZA00,596ECD55YWBK64899,cng,Mercedes-Benz,C-Class,11/2/2013,QM73,428170000000
VY54XA0847,G9ZJGDAPO2YWER52C,625OZC62LFWS65975,cng,Mercedes-Benz,CLK-Class,6/11/2003,AL40,433861000000
ZF67MT6128,U4YT6BHJ20HS4SM54,454CVY61WSLK20661,petrol,Mercedes-Benz,R-Class,14/10/1950,DG56,434951000000
AW61DK4516,0ZO0R2QAVG4WRWQ5F,098GND86ILZE18441,cng,Mercedes-Benz,SL-Class,21/05/1953,JQ49,465150000000
TZ19YD4361,353YOD72U872SIVHG,310RVR33KSMY32375,cng,Mercedes-Benz,CLS-Class,12/5/1975,KL99,482356000000
DA23WH2711,YM22JVFOU1EJHOSQ0,189ZUX81UCPN50493,diesel,Mercedes-Benz,SLR McLaren,3/9/1998,MJ35,628074000000
YD96NL1493,TKA0A2Q2UZVGQEOOZ,732FHY80IUSD19504,elec,Mercedes-Benz,W201,14/06/1944,JB41,638033000000
MK45IW8083,V6O98IPPMIH865HHE,098JFS34LEEX37900,petrol,Mercedes-Benz,R-Class,23/06/1977,OU56,639857000000
XM89MA7971,DYM89KUPCVPTXYWF1,275JVL37IRJK22618,diesel,Mercedes-Benz,S-Class,10/4/1957,ZW10,675222000000
VU35GW9935,10OXZY2VG410Z0JUF,246GRY84ONXC46815,petrol,Mercedes-Benz,S-Class,5/11/1963,VC55,679870000000
UT98TF6773,QAEP05169GH79AKPO,420MDQ69LEAC90973,petrol,Mercedes-Benz,SLK-Class,4/12/1978,HB97,683308000000
HB69ST0389,G9PWFNXXJVRSEXA5R,498BHO08WBHZ79873,cng,Mercedes-Benz,CL-Class,15/11/1983,UR81,725003000000
EM91VA0794,16938GZTNR0SUHZG3,337FDQ86VMBU49674,petrol,Mercedes-Benz,CLK-Class,21/06/2015,GP92,733021000000
XA29HB9934,582AXAMKGDHZB985T,585EKH80MCSD69914,petrol,Mercedes-Benz,SLK-Class,7/7/2010,VE35,792692000000
PG94ZL5153,URGCVU5M83XL8XV1W,465TZD41XSWQ53384,cng,Mercedes-Benz,400SE,26/12/1991,DC35,792983000000
YJ92FW0703,U2X5UJCWNH7XQHRZH,476BBW34ELPZ42782,cng,Mercedes-Benz,600SEL,20/02/1977,EC84,796044000000
CM45NT9978,QXBTO3X9KIT3X6D41,405NTB60FLUV96738,diesel,Mercedes-Benz,C-Class,16/01/1954,TP11,914342000000
UV36TR8084,32X03RM7FQN293N6U,756PNO81EZCR97703,elec,Mercedes-Benz,500SL,27/09/1978,AF79,955250000000
MZ46UD3320,K48H302QWLQI1Y7ZI,161YYS62EERM14389,elec,Mercury,Grand Marquis,21/11/2016,BP91,110410000000
XW12LB4599,EUROWGXE4UKXN9LZZ,782LAH61KFKU99647,cng,Mercury,Cougar,21/03/1941,UE62,149269000000
IB62NG0156,ZAR0RVB3I7PYM3UDT,451KZH50ALLX48912,petrol,Mercury,Mountaineer,6/11/1948,WS40,180197000000
FF56DJ6954,1TE0ERUHSMU6ODX62,788WDH13MJPO36162,petrol,Mercury,Cougar,31/08/1978,EI46,204637000000
LQ35GR7539,HZREMPTTXXZP7B9CL,276QXD05XZYF98509,cng,Mercury,Capri,21/02/1958,SN03,291385000000
JH16MP1024,V96R3Z00RQR1W3022,127SSX20PQYJ18790,diesel,Mercury,Tracer,25/12/1964,GN35,297769000000
HN38MW6144,8JBBNPAJWBM97VWRA,005OUK20DFPU95925,diesel,Mercury,Grand Marquis,12/5/1953,GM27,307634000000
QN40CE4627,AMIOF21ZYK0GNLU20,128DFR18NXHX29711,diesel,Mercury,Mountaineer,24/02/1971,WY97,314825000000
KL98VR0424,BYKF7DMZA25OZ101N,109TKW29CTDI18893,cng,Mercury,Mountaineer,28/03/1943,JS64,396492000000
DN36GH7723,K5CPI1OPSLNYRDTL1,038VHQ28ULJB25624,elec,Mercury,Mariner,24/12/1946,BY61,471994000000
LS49ZD1065,LRVELWID2DUHT8YY3,823XWX40VVVS44838,diesel,Mercury,Capri,20/05/1951,XN04,530952000000
JW55OB3535,MSZSCAS9VJOSJOI51,864BUT54YIGT71239,diesel,Mercury,Grand Marquis,28/04/2005,CL27,555310000000
WE12FZ6862,DASF2POTZ3B7M1FZ9,979QOH39XCFH49854,cng,Mercury,Mystique,26/06/1944,YG02,586360000000
ZZ48BD6935,WIFBF8W5LUMCKMZ6I,604RVG12CFJY16425,elec,Mercury,Sable,1/6/2019,YY32,590300000000
EA92DF5108,3KSKLE4RE5ULB3CAP,580BNO50ZBZS87516,diesel,Mercury,Sable,2/1/1998,XU60,595576000000
TL04SG6085,W2ZWNRPX2O3SVTUD0,346ODP02CBZT13422,cng,Mercury,Cougar,22/05/2010,SP26,614948000000
AB01YT3433,LVLASZYF6LH7JVTTT,619LWL55GTHT50512,cng,Mercury,Grand Marquis,23/09/2010,LY64,621314000000
NA72QY4205,LXP4GKMWAY3TRNCXT,269AHZ31UOVW56389,elec,Mercury,Sable,30/10/1957,PZ38,754312000000
RV69LB6704,N7SS25DNJT41VIJ07,969CYG02OMWH17409,petrol,Mercury,Cougar,17/12/1969,HC98,886948000000
HX58RE1096,KL4I22UD55LZJTX4N,410IWQ39BSWX07918,petrol,Mercury,Tracer,29/11/2019,NF64,946824000000
OY93VD9356,884ST042OH7GL5OGD,209JCJ10XEZJ31197,petrol,Merkur,XR4Ti,25/03/2014,GY58,305224000000
GS42SQ6017,2HKLL0MH4B44X113L,694TYK83UOIJ10689,elec,MINI,Clubman,30/05/1983,CZ85,169918000000
FI98CO0325,F0B7DAQ5QAP8IBTQY,686KKX06VFNS29242,petrol,MINI,Clubman,22/11/2019,EH07,293577000000
OP70WT4642,CPUEI0MMWHPT7FGL8,151HJY50KAPW78846,cng,MINI,Clubman,19/09/1978,XO64,348892000000
BP38QN4682,PKS6XH164P5AW0XMR,332VEP09LWJJ14274,elec,MINI,Cooper,21/11/1981,MV17,661456000000
WE52FI3238,2NVR6Y4JJS6JHS4RQ,784JPK32UPPF57805,diesel,MINI,Clubman,24/09/2012,NM98,943789000000
WQ74XO0602,5WO9B9A14ZYNDXGEM,117XID44XCPT03228,petrol,Mitsubishi,Chariot,23/11/1979,KA85,145376000000
FW48CR7856,EW8M2L4S4NVDNIBWT,331RNF56MSYJ05953,elec,Mitsubishi,Galant,6/1/1955,BL67,166112000000
ZR22KV5144,6PDSR9Q7MC7H4CKA7,751QYG50UJCE14570,elec,Mitsubishi,Lancer,11/11/1996,LE29,178672000000
IN34YO8493,ZJSI837SGZVAOLHW4,372RKU31PLAR82738,diesel,Mitsubishi,Montero,4/9/1995,NM40,180534000000
MG72BD8568,DEN2SD4WATGAVW0U1,900EKU95XWEB21546,petrol,Mitsubishi,3000GT,24/07/1979,BM31,200467000000
EX92KN8809,IN0S9W35CU30KHWDV,612DBL74IJDI55040,cng,Mitsubishi,Chariot,21/07/1993,YC96,229746000000
FT25VX8682,JX9IX3N0FHJGMTZSJ,983CQY53NUFO61808,diesel,Mitsubishi,Diamante,10/11/2008,PL96,253589000000
BO09LT2678,HL5M1KPYFD5XKUXIW,263WXA23YFVX87645,cng,Mitsubishi,Diamante,7/2/1946,YT18,268897000000
FV89ZU1537,7IP721X1GOOXXENCS,017BOU51GMCY75042,elec,Mitsubishi,Montero,1/11/1974,IP76,293499000000
KP69FG3828,KNX3Y03YQRENG4ZMP,390JKF76PFSQ24437,cng,Mitsubishi,3000GT,18/10/1972,EV75,368581000000
KJ53FA1100,A7SHVMIDILR2WB110,713VVD58IWNO36884,cng,Mitsubishi,Eclipse,10/11/2018,IW13,386640000000
GY00NP8322,H14VX2X0OGWXV9BOK,008DMO31WMRP38838,cng,Mitsubishi,Galant,11/2/1998,XC10,397047000000
KZ45IK3931,NK4THH81NPJ53PT9R,930NHT85CEEA91441,diesel,Mitsubishi,Eclipse,15/06/1941,NM71,398266000000
HD79XF8325,JRNUM9NWMD1IOLZZP,904VHI96MQRV36523,elec,Mitsubishi,Lancer Evolution,15/07/2016,NW32,398653000000
DW58DR3877,XF3SNG1GT8ZABRHF1,823SDG84LRNG91758,elec,Mitsubishi,Chariot,25/04/1944,OU39,423944000000
IF63RI8085,V0SJ2RP6MWG8LQE4Y,921TSJ41LDAG95864,cng,Mitsubishi,Pajero,28/05/2018,TC64,431135000000
IG70KV3405,DA0VBVL9IWEOXYEPE,449EYD82INQG63833,petrol,Mitsubishi,Pajero,15/07/1994,XQ35,449683000000
CP69AO9533,LJFRP83EDHX08ZJ41,535WEJ97BZZN80795,diesel,Mitsubishi,Pajero,3/12/1956,RP69,521555000000
FH51JT0287,6RHXNASDPB5SYPX3V,017ZLI81MTYQ26422,cng,Mitsubishi,Pajero,5/5/2016,AY63,534642000000
WY75ER3527,TF7CI9OHRVM0K8VVV,777ZBU75KRJN77604,diesel,Mitsubishi,Challenger,21/10/1967,HB30,562116000000
NO99OT9126,2EYLHM6IUHDQYSOE7,143DXA45GFUT38747,elec,Mitsubishi,Pajero,16/11/1958,WG49,571046000000
ZN90PM3925,S21COSSS20UM70F8B,349SJZ60WSRL75577,elec,Mitsubishi,Outlander,9/8/1953,UY67,583971000000
EP20PP2390,XCEC852RRWM6PLJIG,501AJH85SMQC20836,petrol,Mitsubishi,Eclipse,23/07/1944,OZ08,586883000000
NZ59TU6532,C9ICOS7FRPHVA4YPS,784UVP55XDXM35311,elec,Mitsubishi,Eclipse,30/03/1969,FV08,588546000000
IJ91NU8162,HR2HKRHTLO08UF4MM,117ARH73EECI72228,petrol,Mitsubishi,Mighty Max,23/11/1998,KQ42,590174000000
JR34YQ9849,6P6F6X6F0QIKBXCBL,835BJI48EOYC92180,diesel,Mitsubishi,Outlander,16/10/1953,MZ49,595482000000
RJ72HB3148,STCY1ENO8RN82ERB0,036GMI35EBTF83107,diesel,Mitsubishi,Mighty Max,20/10/1970,CK07,643143000000
CH40CQ3533,TXEX4GB94DXJSYSBQ,031ZGO26KETF88451,diesel,Mitsubishi,Mirage,4/5/1943,CM23,648027000000
OT27TC8259,8I5GI10W16G4ZGM1S,111ZLX56EQXB99248,diesel,Mitsubishi,Mirage,17/11/1992,TW54,652195000000
UO04MM9719,VP30KBEBVULRP9RNG,035QIN62KVLI89175,diesel,Mitsubishi,Pajero,9/12/2007,YD18,696798000000
HT38FP6801,OJA6EMTYY92XZ9GIF,047NPJ46JIWX26272,petrol,Mitsubishi,Truck,13/01/2002,VQ90,740734000000
JZ56EG7652,XZPQL0GQZT211CRGS,617IPH53EEVS63242,cng,Mitsubishi,Montero,2/8/2013,CU72,754209000000
JB45ML4455,P8IB3KFVW6HUA4TG9,400RVJ06QDZC30246,cng,Mitsubishi,Truck,5/4/2014,ZB15,756592000000
NS61IM0044,K5FH9CUDXB2UDYGZZ,526GCH31VWLQ21897,diesel,Mitsubishi,Expo LRV,26/11/1968,LL17,862851000000
UN30RB0970,ST4VG969U2GUBKEXK,308EKD82VSIN75098,diesel,Mitsubishi,Lancer Evolution,22/10/1942,TC05,881672000000
BY94DH6040,NZPC95CO1NITS2UVR,373GSZ90CREZ52939,elec,Mitsubishi,Outlander,19/02/1965,MG33,892161000000
PO90KK5188,T2YFQ30ARMCHR0R4L,327DLE22MAPB46683,diesel,Mitsubishi,i-MiEV,31/03/1966,TW69,907730000000
GD36BK9352,7AKQ2P6M592U61HPA,607LTG67VRME15292,elec,Mitsubishi,Excel,15/11/1988,LM88,935113000000
PO88BD4856,S2YQ8PQ1E4ASQAIX5,565PJF44OIGH23111,diesel,Mitsubishi,GTO,8/3/2018,MG59,967105000000
MQ72FL3836,DHPBG6WIL835OJXEM,096QWS18VNOJ08655,diesel,Nissan,Sentra,22/08/1975,AF56,166590000000
FM24BI3725,S01YP2WGV25QC8IZT,412NUS89NQQL12150,cng,Nissan,Altima,14/07/1945,VT35,207571000000
DZ53KY5328,DAV01WPWAZI9OUDG4,910GEU89IAVS65673,diesel,Nissan,Maxima,25/02/1947,QQ73,253182000000
OJ83VB7273,HREDTTHBGBYQBT54G,902EWD73KXMO57447,cng,Nissan,Altima,3/12/2003,GT49,304996000000
PU18QD9039,GWYYT9258581PNHM6,027VHP16LOPC93136,petrol,Nissan,Altima,18/03/1948,AV49,312817000000
QX69KX2205,OBUGEKM3J8XAD6173,236MPD85VPTV75136,elec,Nissan,Quest,7/2/2013,XS27,318231000000
EY39QK0479,DXTQTRBIHW06MQ3X8,601ZRO40RGBU87446,petrol,Nissan,Maxima,7/10/2006,WZ53,332598000000
UF95NN0371,GHT50LKP2LU6GXYQD,417ADD61EMKZ30168,petrol,Nissan,Pathfinder,21/07/2007,TH03,391536000000
VL84MZ8499,FAHURMGDOM24X2USO,923TVS40WCNJ98638,diesel,Nissan,Versa,18/12/1955,IT22,409820000000
JH62VJ3366,S8M55HDR5E098W9LK,085JDP92DLGK60342,diesel,Nissan,Sentra,20/07/2009,VR49,419964000000
ZF08TN1646,DLQ7AAN9RIP5M304N,815LAI79RDJN84995,cng,Nissan,Versa,4/3/1954,SN08,507971000000
NC44CP2683,HVME8758WATI38S5X,923GKG99XGLZ94606,petrol,Nissan,Pathfinder,18/05/2005,LJ25,522333000000
VH73MC1561,ETR8ZGIMWEQ2JHU91,639DTM78KQNT84548,petrol,Nissan,Murano,30/06/1998,DX17,522726000000
MR00PW0357,FWAB57479AC5NBVO0,742NIY70XSPD18697,elec,Nissan,Frontier,27/02/1969,BK46,594835000000
EG27RB2290,JFSDGML4HUODCF2XJ,858OZR30GZHZ14566,petrol,Nissan,Altima,7/10/1975,CE15,672675000000
GB14DG8427,7O945Z6QMYKXZKJI2,372ADL54CIOP40790,cng,Nissan,Altima,14/09/1989,JE02,677494000000
DM76QK0444,GQFTA16T3NC716I1K,997TRF73ECWZ63207,diesel,Nissan,300ZX,5/8/1989,XW32,718697000000
AL48QH7949,JPKCURXHDJKEXF9CS,570LDH88BIWV49375,elec,Nissan,Altima,14/08/1969,HO83,719986000000
JP58MQ5618,4QMIYCFAA4C2B7NF8,212TQW86EXKF91938,cng,Nissan,Versa,3/10/2014,MC03,736119000000
BL94CY0354,PH2DPQJPRP642OOLB,525WTU45XRVT84420,elec,Nissan,Frontier,25/09/2006,AC35,740347000000
DK46DM0409,YUHLJOMHP3SE9ZL1X,829HYP50ZLFP72932,diesel,Nissan,Titan,10/3/1988,BV56,742029000000
ZA31DR2867,PC56RDSK1V4CIYK7W,170SQZ81VKFU18919,elec,Nissan,Armada,18/06/1971,AK00,755764000000
HJ72CK5817,4UM1WX5GOIHZYWGAB,943IMR86KTDK17228,elec,Nissan,NV3500,3/1/1975,PY59,802016000000
NT61QF0697,XX2115WWH1OHJXDOW,974MOD73TRIA38097,petrol,Nissan,Xterra,1/7/1972,IV40,831005000000
DD70DX1767,0CZHENF5GABQF9H9T,352WYR03IWTX91884,petrol,Nissan,Titan,14/04/1967,WW79,868030000000
TB01RD0625,3OT0SBVYTOS52NCS2,089YYT03IHAG27226,petrol,Nissan,Frontier,13/07/2003,HP86,881673000000
BZ24WE2752,ZGKKTOZORJTDQK0RI,016BOU85RXJT17838,petrol,Nissan,Xterra,1/3/1967,LX69,888003000000
FR86BI9121,KWW4KV50X62U92TNG,818BUO48NCKH46531,cng,Nissan,Altima,18/08/1971,DE91,890138000000
VB13HX8536,OEFDIVB3GV2GWPGJC,554IKM96LXIU04738,cng,Nissan,Altima,23/06/1985,KL34,895507000000
JW75JX6472,B0NRN0AJ4E440GWLZ,476XIE23EFJC89274,petrol,Nissan,Altima,15/12/1991,DO50,911458000000
TS84JO6808,TU16XQXVEPPGGBW70,056EDC24UCGE75556,cng,Nissan,Murano,6/4/1983,MN35,927355000000
LN91TE2554,BFQ75TDMR0IGOQITX,420QWI15CCDU32457,diesel,Nissan,Pathfinder,15/04/2005,OB72,980154000000
QW20CR6088,LRNXQCOQVDEX36B3E,742CWR48JPEX93730,elec,Nissan,Sentra,3/8/1970,ZM90,999990000000
PL72HS9744,04R1JTT26CFA5B2LN,819CBB64QVUY88495,diesel,Oldsmobile,Cutlass,16/02/1942,XA09,234263000000
IX89QN2598,NO9N1M7BKY3C9D4FH,411TWP97XPGM98668,petrol,Oldsmobile,Cutlass Supreme,6/10/1991,MZ79,376754000000
NT20YX6195,8EXDDI4IG8PJ98EX2,308GWP67NKWS95084,petrol,Oldsmobile,98,10/2/2019,SC04,385941000000
DX85IC8423,4E10RAZVLP4L2OVSN,624KWZ09MVPT78068,petrol,Oldsmobile,Cutlass Supreme,6/8/1947,CH36,451559000000
WB10II6512,C41X614JSE10ICLJV,651EUY47VDPI57693,petrol,Oldsmobile,88,19/08/1944,OJ52,462392000000
OF78KC9460,I7DK9CVYPA50PM97Z,733KZP52MNSA76742,petrol,Oldsmobile,Cutlass Supreme,27/03/2005,LG70,770316000000
UH62ZW3728,V3IPOCRFT6AGCCIQR,644FMJ04ZFMR41270,elec,Oldsmobile,98,20/01/1991,AS04,836115000000
PK08ZA8562,4G9FZRMT5400PW3WN,909FLD03MDUH87856,diesel,Oldsmobile,Alero,30/11/1996,QI23,985326000000
BV18RM8514,T2K9HF89BIW3MHE1W,099FOT89ZXNA18994,petrol,Panoz,Esperante,8/10/2009,LK02,615045000000
TZ01PG0398,4OVJT69OUI650YKU4,441NBA03QENS62321,petrol,Panoz,Esperante,5/10/1981,TK71,808923000000
OF51CV6441,7EZSOXBXJVWTGBZQH,759XPE54KRKL75016,petrol,Plymouth,Acclaim,22/06/1964,HA92,132533000000
VE38YP3230,4KMOSLFNW4XLVHLWE,459JOO42HZMB72019,cng,Plymouth,Laser,20/10/1998,MJ19,177848000000
TQ59RD2128,38QGIUKB4YKIPL2O1,534FVU98ANOC53173,cng,Plymouth,Grand Voyager,4/8/1979,WF23,185938000000
EE31QJ9834,MOL6203CJOC276MOD,507XHC82ZPTH71764,cng,Plymouth,Neon,16/02/1946,FH73,326115000000
DJ52RW0071,9J3QN12GJNOHMPBMK,961ZVL36ZCXV56709,petrol,Plymouth,Colt Vista,1/12/1986,EP49,446724000000
DO14VR8877,BKW8XD02APW3IHTWX,317BQJ67DNXS70571,diesel,Plymouth,Colt,13/10/1951,QJ39,508957000000
JL48WI2065,Y56HTX0O8RZYICQCK,478GYP67UGSN23794,elec,Plymouth,Grand Voyager,11/2/1958,UJ93,532744000000
AE72MA1095,BCYF82D427WLZQR4K,610LCV56LDPG59573,cng,Plymouth,Voyager,22/03/1946,VV69,583772000000
MT38AP9387,SILOKMCUKY7Q2YG25,552KES36UANU19531,diesel,Plymouth,Breeze,15/04/1965,FV74,728320000000
VD01CN2986,CJEIFE07Y8PPP8WRF,628WKO91NZAA22137,petrol,Plymouth,Sundance,14/09/1989,OB34,815934000000
MA71MF8092,IKSA7U83I4FIMN1CZ,649MMS94RAUJ55372,elec,Plymouth,Neon,30/11/2016,CG39,854136000000
XM40MZ2043,H09GTIQXJW7W5TE0F,827MCE85YOSL76710,cng,Plymouth,Laser,29/04/1970,OV99,948916000000
FN27YG4302,C2I9QU77FWX1XJSRE,229LTD66PEOU23439,diesel,Plymouth,Voyager,7/8/2000,GM53,969282000000
WX77VQ3441,JWXIJPH5JK1ZUQSPJ,133CPN26JWZN26723,elec,Plymouth,Breeze,8/12/1992,WA67,984134000000
PX55TR8905,RFLTY3M62QA6DKI6O,838QZY25PCSO68656,cng,Plymouth,Grand Voyager,28/08/1947,TT37,988578000000
GG61ZO1989,Q0F7OIICYMRJ3L1HH,537IWN44DKIY77851,petrol,Pontiac,Grand Prix,26/02/1990,AD41,106989000000
WB98UA4763,4IDZVCL5IKG9R5T7X,151ORO58CZXH33810,petrol,Pontiac,Grand Prix,25/01/1977,QN88,111720000000
NY02UD7378,7RJFNYMDYBUR3981M,281LHR44MMAF60580,diesel,Pontiac,Sunfire,22/06/1942,OB13,119635000000
EY79EB9233,LDW61GWWKU7KMYVXR,461JLS97FSAY15960,cng,Pontiac,GTO,15/04/1968,LY36,125481000000
YI89KN9504,GO22EENJZ3IHQ10F4,103CUF09CYSR15598,cng,Pontiac,Grand Prix,15/09/2019,AK26,147093000000
XL10GK4911,VB29UKGW8BLZI5ASW,484JUT26QFSG09476,elec,Pontiac,Firebird,25/02/1971,SZ97,153093000000
AI77LG6857,BC2I2KS4AIGEJTDMZ,846EQL65EPTN95652,elec,Pontiac,LeMans,2/10/2018,TC18,195376000000
YV60BB7501,EYGEN70P2Z1RVXVIB,188COE98JZQA85776,diesel,Pontiac,Bonneville,9/1/1949,UT18,201344000000
EX83IC3085,X94N6ISGGRJASPSTX,699TJG93GNAR29557,diesel,Pontiac,6000,6/6/1978,DC64,209270000000
UM88ZD7532,6XB9ZQ9RQPXF1MK0Q,084OFW95DTKA77209,elec,Pontiac,Torrent,11/6/1985,BG16,218057000000
FA93MX8659,RXPKSRDB55IBYBPOA,037PXT95WOEA61772,diesel,Pontiac,Grand Prix,17/09/1948,CV97,245580000000
QR87FJ4359,608ZC3LWPB91ERZYH,032PJN77TBDH85900,elec,Pontiac,Bonneville,7/10/1942,JD17,250842000000
SC97PP8726,9DO75GIY18BSO0NYD,807SBL23KOUK66643,diesel,Pontiac,Grand Prix,17/03/1975,CO12,255283000000
RF44TT3735,I1V3OU46ROO3B3UYM,921NIR59HRWV35279,petrol,Pontiac,Sunfire,26/02/1971,HP63,259073000000
HZ63GN8796,9B28YWTFR7WQ6IHO4,510BDR25URYG11704,cng,Pontiac,Firebird,9/3/1976,VQ49,275513000000
BJ96UL7339,I0JDYWEA2JRSB9QAO,311OYY99CMLL26715,cng,Pontiac,Firebird,18/10/1993,TT98,276946000000
NF92PD4990,VC78HQAJK57XMYW29,445PJA70IRID50076,diesel,Pontiac,Bonneville,17/12/1960,TP65,315276000000
ZI83VL1468,0UH4CNWI632A3NWJL,286VDP82JCRK42097,cng,Pontiac,Grand Prix,24/07/1940,PJ35,325142000000
TZ89BA5949,ADG5MEKJG5POUBY6E,084PRC73FICR37710,petrol,Pontiac,Firebird,10/2/1999,AS33,325561000000
GJ18NO3895,O91Q3HOENCNJH6WIQ,628VNW11QFHP02303,cng,Pontiac,6000,1/9/1990,OD44,341259000000
GU79DB0684,7UGK1Z08ZD68EJQYF,026XIJ34KKVY92097,petrol,Pontiac,Grand Prix,13/03/2012,HQ88,341818000000
EP15ZB6424,RDT3E9QAIV3DUX17N,061SFA96ZLNN54482,petrol,Pontiac,Fiero,17/02/1974,MX20,399176000000
AC62JX1034,KSVYWN9I9O3M67AAR,459IVC92SRMJ37150,cng,Pontiac,LeMans,13/11/1986,WX29,420255000000
JC48NP6588,XANL4Z0X0AMGYW72H,992GXB50EBBZ11764,elec,Pontiac,Vibe,19/09/1979,SN74,451432000000
VS75VV4017,IJ25YKIV7CH0VTI0H,469VPL75FRBM66693,diesel,Pontiac,Grand Prix,1/12/1975,JT83,470597000000
IO23QZ7412,6MFG9S4BRGKLCD3Z3,740EIM01SHWY67264,petrol,Pontiac,Firebird,17/11/2016,AP73,481867000000
YM13KG5620,D5F9APW57I1P31GH7,262YSV14LBVQ28255,elec,Pontiac,G6,25/04/2013,HS76,496903000000
XS92RF1180,L8JJ54NDS7DON6O8E,637EIO86MHZD12654,cng,Pontiac,Grand Prix,21/04/1966,EJ34,519027000000
OE50QG4791,ZJBZ0ALN26V31MA1Q,063CLX78NEDU33871,diesel,Pontiac,Grand Prix,20/03/1964,MY62,524613000000
BV81YS2796,P4LBUWK71PRRB12HX,944NDU58JEZK98145,petrol,Pontiac,Grand Am,27/10/1972,SD77,527817000000
QS04EB7638,FMPSYSNXNKIVC29GL,252AHM52NVPP39617,cng,Pontiac,Vibe,10/6/1966,PU59,563952000000
EL43AD9434,YJB6N5545RVE7BZTP,527FFS53RPGJ90330,elec,Pontiac,Bonneville,23/11/1970,CP20,582670000000
TF22HX2805,IHIK125K462SOX4D4,153YSS24TGQX96802,cng,Pontiac,Bonneville,23/12/1964,DN76,585752000000
KE44DI8077,TFCGX8UQ8WSG4DEXB,965OKW54ZNMW77148,elec,Pontiac,Grand Am,24/10/1966,WF59,596647000000
JO90SV8044,IV976VOYJ2AHJGH1Q,853AGB34PLSZ48568,diesel,Pontiac,Firebird,8/8/1946,IO85,658136000000
GT45ZN0565,VTDVHK7OHX1VV99AT,569SVL73SEHG64955,cng,Pontiac,Sunbird,6/3/1989,XI63,661295000000
ZU80LF1317,VPWSN7CJY5U3BAGRG,069UMG21AESV86063,elec,Pontiac,Firefly,27/03/2005,MP67,676574000000
OR79PM4728,TGG5VA28O72OAMBUA,252LEG86XRVN79979,cng,Pontiac,Bonneville,15/08/1959,FS36,685129000000
TN64UR7463,0KBVJBYTR6TNKUBGU,766SVL00WZID06832,diesel,Pontiac,G6,12/6/2010,LZ83,711022000000
QE10LA8913,HCB86J23Z836HD2PW,000KAF35KYKD42398,diesel,Pontiac,Grand Am,21/01/2009,WA36,730329000000
XG22IK8638,YL2TYDYZL7SZT2ITW,197GTV07EEED97212,elec,Pontiac,Firefly,25/05/1979,EQ33,732758000000
ZF69PL6072,92T71E2OOZ6L2RPDH,079VNM09EYQJ34993,diesel,Pontiac,Grand Prix,12/6/1998,KC87,749428000000
HI70ZN5592,HKDE4DZWGN84FMRMF,427XOB64QNXM07797,elec,Pontiac,Trans Sport,20/08/1956,IG99,776961000000
HG65CI2449,A8V93O4OJSCNL75IA,754ZPK62NRBY47946,elec,Pontiac,Grand Prix,8/5/2012,TB32,796177000000
NW15OC3668,MHGLUUKSSTB0KB1JX,395AHT24JZEQ56032,cng,Pontiac,LeMans,17/09/1949,ET66,840761000000
RP49HD5798,2LFZ7EZYR8OPGZIRV,607ZFC23KJHI22644,diesel,Pontiac,Fiero,10/8/1967,WL25,848595000000
RK74TP2569,B8C19IEVKKKQAAZR3,020VWQ47EAFE65153,cng,Pontiac,Firebird,15/08/2010,NB71,877375000000
LZ12FH0974,5XIXDJH9GTOTLZ3A2,353NQI49IVKF53106,diesel,Pontiac,GTO,29/09/1963,CU19,934975000000
VU77WI8507,BMFIAH1UW5FMS1KJW,014ZNO70SNCX37054,elec,Pontiac,Firebird,26/04/1986,HY33,940225000000
MY04YR2080,DCDYJNURRA2UDCZTM,978VZS11BRMY09856,petrol,Pontiac,Trans Sport,30/05/2007,YV94,953831000000
FW10KJ8129,URCJXPS9CD01H7Z18,658PXI90NAWL87242,petrol,Pontiac,Montana,10/12/1999,CN29,976135000000
OB94RP4254,GU6LK1OWHANOXV5YX,714TIQ21UQJW90582,diesel,Pontiac,Firebird,18/02/1950,FT97,981138000000
MD88CY7421,8FVCPV8J99C8H5JBQ,343NVL13MAMP47825,elec,Porsche,944,28/08/1950,GF96,121316000000
WJ22UZ6565,N3Z69NKWY87KRBV2M,864UGK63WPTJ68363,elec,Porsche,Cayman,18/11/1975,UZ86,153890000000
QS48YG1756,NLC1RA37S9GTSE6I4,883LBJ88XHJI27255,cng,Porsche,Boxster,31/10/2015,QV96,177537000000
YU62OB7025,N4N947Q3PWMQF9AFH,063ANU95WKKZ10820,petrol,Porsche,Boxster,13/05/1946,AP88,305836000000
MX45AI5351,0A8BO9WR4KMU4LJA5,343OAS18OLZY55511,diesel,Porsche,Boxster,1/6/1980,US60,328512000000
RR01JU8326,NC8IXMQSP4TIZ6G9M,416VJE70WWTF17614,petrol,Porsche,Cayenne,24/07/1947,MY26,524564000000
WW91TB7196,VIWMMWXARZC9FQRAT,254IKQ14PGSI24932,elec,Porsche,911,18/02/1977,OA92,588861000000
OT47LQ1975,4ZJI220EN9YB2UAOM,778WOU36CHWR33537,elec,Porsche,944,3/1/1962,ZP09,639167000000
WP23RX8525,NX1298CE8G1TJUTNS,508JNG55NDLJ81063,elec,Porsche,911,13/01/2010,TX20,668005000000
UU02IP5254,3Y1EIETG0F8EE7YXQ,754OJX08JLMC60278,cng,Porsche,Cayenne,18/06/1957,MP95,684520000000
QW63DX2565,QGMKRYTC5SZTRL6VC,344JYI71EMFN02073,elec,Porsche,Boxster,20/10/1963,WZ35,751765000000
QQ66AT8171,70PKMW154Q3WFWJW0,659OKQ30QWPM43237,diesel,Porsche,Boxster,3/10/2008,ZD52,766478000000
YK89AO5988,8WL6EGJONW2MOSEY7,421GAE12RHSL40185,cng,Porsche,911,2/7/1988,JZ18,949896000000
NO08OA5130,HNCVLIORA6OZ6D41G,281DER97NOWX84034,cng,Porsche,944,3/7/2011,AB24,971053000000
TX26GR4399,KDTUMREW3O3HMJMF0,866QRW01CJWJ85856,elec,Porsche,Cayman,13/06/2003,BF27,994249000000
MY79PC6841,FT7FKWM3J067HYM0Y,306QNZ40DIAB61585,elec,Ram,3500,1/11/2014,VB87,828998000000
CI88BY5310,TV27FAKS94EYYT594,117AZE99MOQD18855,cng,Saab,9000,12/1/1953,EK17,114513000000
IE79ZI6041,HOC5Z87880Z6GGEF3,434IBT56NCYX45226,petrol,Saab,900,3/8/1954,XK61,133720000000
LR03XX2951,J0H8VFWCKLOIKW8IN,981NCW50CIKB75716,cng,Saab,3-Sep,26/03/1979,NH91,142130000000
WW37NH3478,1R3BV0MTH9XCWIN96,704WQR67UMQP66590,cng,Saab,9000,25/09/1979,EI19,231801000000
JA20CZ3020,LABCN5NAR2FVGMOKQ,447KDD01ARBY02531,diesel,Saab,5-Sep,17/02/2018,HO61,276133000000
PD98MY8774,LY4M3CFHM6S1BDT0C,644OBB12FRUB77030,cng,Saab,900,22/10/2017,DG34,304595000000
HN26ZM8279,4CRDI7PG0S3BWTY5B,327GZC47GTAU17104,petrol,Saab,3-Sep,24/03/1962,JC77,324070000000
EG13GN5777,VETN5HJV9MBM1416J,820XHL48VDOZ31353,elec,Saab,9000,17/05/2007,TD84,410314000000
UC78NZ3706,NK3IE5D8Z2QJ2DNBU,835FIO52YGSB42822,petrol,Saab,9000,8/3/1943,NG47,440220000000
PX41VP5294,29NAG1FVPOZ0R0FPV,762SNY92FUPP33334,diesel,Saab,9000,4/8/2017,LJ79,482609000000
EB25KM9354,6W8NNKQX2L8KFZKAD,140TFS98ZDEA67063,elec,Saab,9000,18/10/2017,QW72,517189000000
HK85PS6381,CV6J8052UO7P2TQCE,817QAG93YUFQ86369,diesel,Saab,9000,24/05/1943,DU57,601577000000
YV81PV6565,L8E37VA83ET68RS6J,800GZP07DELP03160,diesel,Saturn,VUE,29/07/1963,IG03,208897000000
NR58GQ6045,E0DIXSIPKVS1ZOVDN,298ZSA23WSQI03993,petrol,Saturn,VUE,5/1/1947,BP88,433800000000
KQ18QQ5464,P533B5CGPYWO8R4ZH,287PHW79RYZQ06932,petrol,Saturn,Sky,2/5/1999,VB01,451277000000
XX20FE4466,C5B0SQC28T2N5CVVG,176DFT67CCIK21708,petrol,Saturn,Astra,14/11/1995,FP14,455644000000
GG03BJ2698,GHC4JF3AWTTS9E5G2,109LBP01AIEI02792,elec,Scion,tC,24/06/1988,SR05,137817000000
EM93SC7528,CGZGPJPKZ6XE9IMMS,614WGT65PNMR52421,diesel,Scion,xD,25/06/2016,CN23,140961000000
JD39YG5002,R6ISA1H8MX53KQ2PD,689DHZ63NROR20921,petrol,Scion,tC,11/6/2015,NU39,228522000000
XI16DN9900,7IIWWOKTISUFONH0F,907GFM84ZUKG85433,petrol,Spyker,C8,18/02/1965,RH35,410511000000
SL03JU1159,CTWZAMN1WWTJ54AIE,085HPG53UVEJ05521,cng,Studebaker,Avanti,14/03/2019,RY45,625985000000
OT63CI1051,5SGI33GCG2C167SJU,098YGK50PYLL96121,petrol,Studebaker,Avanti,16/11/1990,TL84,993187000000
BC16LC1857,EAZNXGCBW48AF5BWE,139ARX11KEPM06202,elec,Subaru,Baja,25/09/2000,MI26,119122000000
AT88XB8452,JYNKN4PPU8OYDK17H,609LTC03RODX50442,petrol,Subaru,Outback,26/08/1959,JU08,193300000000
SH21MV4829,Z5ZN0DGFSVW6EKSBS,442QUH36PALI91988,elec,Subaru,SVX,1/4/1984,LZ86,202512000000
OX41ZC3127,WKYCL18REPPKQJ8BQ,518JCV50FNXP29451,elec,Subaru,Impreza,8/9/1962,VF18,205786000000
XD72WF1186,5AMWV1ODK22NDZ6ED,462XIA41OGHX50758,cng,Subaru,Baja,26/02/1944,RS44,285037000000
GZ77UQ4058,4IM3C8355HKBZLSE0,502RHH01CKXV20019,diesel,Subaru,Impreza,18/05/1982,AE18,343842000000
YY01OC2309,IEJN6IS6NCVU2151F,321ZQQ35BWEM31068,elec,Subaru,Legacy,29/08/1999,EK56,351959000000
QM26WJ8719,J59Y7ZMLT4FIZ7EIY,551YTT02VVYS73167,cng,Subaru,Impreza,21/04/1995,LB79,452656000000
YB34HC5940,1SMLOIJV661AB1I7K,758LXS90UOBI89105,diesel,Subaru,Justy,31/10/1964,HL29,523336000000
DI31ES6310,STVUJE4PWSU83LLPD,603MKD81JWPU06098,petrol,Subaru,SVX,30/12/1943,CF09,553827000000
SZ48QH2877,8KZZHGL4DUWOU9XRX,947YQH76KEEK35013,petrol,Subaru,Legacy,19/05/2017,LP47,577150000000
QS08WX4482,EUBJSH8AGCOMMIJD2,898NYH20WNCV42648,diesel,Subaru,Justy,16/03/1990,KC65,584442000000
UI77QX0634,LBQSSLJHTP260BGS1,172KKQ65JPDA69691,elec,Subaru,Justy,2/11/1943,FQ90,655927000000
YQ02DB6735,H7I459P9UQ17VNQF8,898OLH14HWHP58220,elec,Subaru,Impreza,8/10/1947,MK40,669672000000
GW84HA5897,T29SHL09Z08W67SGF,952QLL33VXNW50586,cng,Subaru,Brat,21/09/1969,JM63,677908000000
UQ36MU1460,0VOP7EPY1KBUPQ9NJ,632RLV78HUKR71534,cng,Subaru,Outback,3/11/1946,DZ28,719322000000
OJ69MB7551,C5TD1SRB05D82KCYL,481AFG92YOQM83780,petrol,Subaru,Legacy,13/02/2011,WU77,789433000000
GB81CS3041,4IU8PCRHQH1J8B6OP,152DKI81SQBL92134,cng,Subaru,Forester,15/12/1957,LV41,807866000000
KE73ZB8431,TTN46UCJT0Y9GCPOH,866EQW27GKGB29521,elec,Suzuki,Swift,14/05/1993,WI60,229845000000
BS71PR0727,CR666PB8SPLDI7A2P,264HHQ04PKGD85567,elec,Suzuki,Swift,25/08/1975,QA11,245244000000
IO63LC2839,M10SDPOX66N6CYFWY,580JSO07ONZI61314,diesel,Suzuki,Samurai,14/10/1953,PV25,283843000000
CR23FD5113,ODP68KEWCSE79EZYR,340KQO68CBVW04500,elec,Suzuki,Forenza,23/01/1952,ZT24,450707000000
GD36YW0128,ST80B1BP8VWBWPTLE,619WIL65RPSK83672,elec,Suzuki,Samurai,27/04/1975,GL17,548558000000
IU31RG1725,7UFE6GT2JFZASPJ8B,899NZF38ZYRF00659,petrol,Suzuki,Esteem,19/04/1978,LF30,577892000000
XC73EX3134,AFO4TC0XX9N4VEVZF,828OEM17CEOS75463,elec,Suzuki,Esteem,8/2/1962,JR16,610453000000
GW05FB2934,ZNWMEONASOAO7A83O,184RTM77DJCM35554,diesel,Suzuki,Forenza,29/03/1961,OB55,655658000000
OS33HY4965,O1VY9WWD0AUJUMJO3,077TID65WTHE09083,elec,Suzuki,Swift,14/12/2017,LB45,675485000000
SP83ZJ3263,I2MXV7PZT9KK9523U,212GOV30JYAB00480,petrol,Suzuki,Swift,21/02/1998,OD96,678875000000
UM52IC5357,Q6U5Y4VJAIRFCF079,384OJN20AEON35455,cng,Suzuki,Sidekick,21/04/1989,EL56,687893000000
MZ75EV6310,VJHNVEWSVAZ77CXVG,719XIN00YLRU66118,diesel,Suzuki,Grand Vitara,8/2/1990,GR90,719972000000
LM70AE8196,7V44XPA4ICXQS45GO,715HCQ71JJVC05813,diesel,Suzuki,Swift,4/1/1959,JP26,737619000000
XI00SN0950,DWRLZ6R9BV3Y5RRV4,347QZB59KKLZ68549,diesel,Suzuki,Daewoo Lacetti,16/07/1975,LE87,759708000000
KR57JF5362,042M00EUO6BZGDQLN,939XRM90MERH56868,cng,Suzuki,Sidekick,3/10/1992,JM59,832849000000
NP11SA6005,84JH56DIU02QG03MI,278OTV54ZJKU84081,elec,Suzuki,SJ,29/05/1990,PE66,860575000000
XJ71XY0443,FG92Y618SD9KPM734,179CHH02KRUK33017,petrol,Suzuki,XL-7,26/10/1968,RX71,862851000000
NR75QW7005,YXRBXTIMP2ATJFDO2,417AJB70PWXV23554,elec,Toyota,T100 Xtra,13/10/1962,US47,117775000000
HV86SZ9398,ZOA221UMZDIJJPNGL,978TSY64FARD67011,cng,Toyota,Camry,15/03/1955,JO53,123139000000
PR29TZ4575,VZ7I0W8GF1ON9P8AB,572YMV73DDPR10834,cng,Toyota,Tundra,1/6/2011,UB14,128856000000
CF89QG7947,O4PRZKZ5NZ7N9MO9Q,559ZJY80ZHRQ69101,diesel,Toyota,Prius,20/11/1964,NW14,138529000000
HG40XU2742,OIPDQF7L7HM6BL956,524MYX58BAKQ63019,petrol,Toyota,T100,21/11/1992,TB58,144969000000
PE45YR6873,YZRKP0KODD2SV0PNP,383SXV11RHXO98810,petrol,Toyota,Yaris,2/7/2008,CN75,200081000000
PP89SK0451,VYONRAT22PPQ82QQQ,563EYG27KOVW73657,elec,Toyota,Tacoma,29/06/1992,AX80,233891000000
BT41ZC7152,FYNFZYMIG869U8YTE,552OUG72TPQL95231,cng,Toyota,4Runner,11/7/2008,JG49,274610000000
RX34JV7526,GTOWOZO1JAUMJOSG8,233LVF01YMJH97847,petrol,Toyota,Land Cruiser,9/1/1958,KB43,293870000000
UB22II3571,6XPZZK3JNU2EQYDXX,977YGI41YYUP71276,diesel,Toyota,T100,27/09/1988,HR47,328403000000
HC63XA3484,QLTHLP1HCBPW2ROJK,484PLE22GFVE74378,cng,Toyota,MR2,10/6/1961,JJ44,359115000000
IT04KF5376,JJTXMLEXEKQM3MOPC,439FSN80YQDS84199,elec,Toyota,Celica,4/12/1979,WK29,376106000000
UC16HK3335,8ZW6H0JER461E0ISC,046PND48LNVW62583,diesel,Toyota,RAV4,19/09/1974,UH71,382491000000
WP76FN8875,LPBDDDZVRU7ICJ9AN,336WQL70UPBF40735,diesel,Toyota,RAV4,28/11/1966,IT20,384141000000
RU33QI4264,AKCK1042G10R3EW9F,417WRB55BCHR58959,elec,Toyota,Tacoma Xtra,3/2/2013,AM46,400151000000
YX88WU2725,DLHEB1YB6XPAIUFPM,585MIC06FNOR55592,petrol,Toyota,Sienna,14/08/1988,EG19,415697000000
VG30IM9360,R4D9S9QMAZUZ30G8I,175VCG48XEWB80547,diesel,Toyota,Tundra,15/07/2004,UQ03,433317000000
HZ32AL3117,GIFJZBOJTTT513JQT,040FAI93GVUU06031,diesel,Toyota,Land Cruiser,14/11/1947,GF83,439955000000
YK40UZ1953,MSBXUNHEWI8UVESKB,548DKI56OPJT32798,cng,Toyota,Corolla,4/3/1999,UM42,453016000000
QC74JQ3565,00LHAH0CGEQ7K7PDO,205MLT44SJIP70947,diesel,Toyota,Land Cruiser,30/04/1985,GH88,481906000000
ZB68DL0389,J3Y99JSZSN7L1PNBB,905SWD27YKCG00201,elec,Toyota,Tacoma,11/2/2017,FN08,504171000000
AS59SX9981,O3ZGC9X2HC0QE7Z0I,443JXS13OGXI20320,cng,Toyota,Tacoma,27/10/1978,QO23,509619000000
VV56KI9694,42O7CIXWP57L4KEYV,030SAO04MDMR31522,diesel,Toyota,Land Cruiser,6/8/2003,FM97,532667000000
XJ22NJ3416,5OOTO44FO0MQQ7TYF,525TQX80LTWS34481,cng,Toyota,TundraMax,7/5/2004,MT14,572161000000
IG74RB8113,CC58ABIXUVU0NHD0U,359IFY76SLHZ27178,cng,Toyota,Land Cruiser,5/12/1955,WU25,630647000000
PL05HN8654,TWAR49GX1PN9Z24TS,067WUJ49BOUC77754,diesel,Toyota,Matrix,18/05/2007,LB28,646627000000
IV44UO0294,6QDFTGS8WSI7OMDRG,867AEL22KORY73992,cng,Toyota,Camry,26/04/1952,XA34,670542000000
JI50YF3251,EQ07QP19CFXCBNG54,537KFH76LTRG64169,elec,Toyota,Tacoma,26/04/1995,IT53,671060000000
NO56PQ2953,L4J69MNWUBTVS0F5A,940DFT00IXOR53427,diesel,Toyota,Celica,7/12/1940,ML34,716420000000
ET86HB1492,3WQ5892QTJC9T2HC1,978VLV94TCPJ36426,petrol,Toyota,Supra,24/04/1973,LJ49,733613000000
YC43SE1093,8C4T5D1OLLUDNVFCA,827RUS28IRAT29080,elec,Toyota,Celica,12/2/1988,XT93,779073000000
OP81VT8744,L01I5MPBHYIOZR92W,092AVR03CINK91913,elec,Toyota,Sienna,31/01/1971,BW89,779661000000
NV77TY4715,7F95GUMFG49SAA6DL,578CXD68IOLN61852,elec,Toyota,Matrix,11/8/1941,OL86,781956000000
IB27DK0919,RB1QPO7DTX4X6Y7G6,996LHA37YAFZ13681,petrol,Toyota,Land Cruiser,9/4/2001,BO34,786127000000
RG75DX1618,CYJF2PJH95F2846M9,898QKC90DHNV50427,elec,Toyota,Sienna,30/05/1963,XQ88,788536000000
QN23VG0692,EOD8IDE1IY2B40D4A,072VTR59QUWL36759,diesel,Toyota,Sienna,6/3/1970,XH68,827810000000
ZI12BN4536,RMMBZNL2PVFUUPMDP,452NRW72JOYA90720,cng,Toyota,Highlander,8/5/2019,LM77,834574000000
FZ29PM2844,OI9HNO9YSHZ7N3WC7,350RJB74QXUL82834,diesel,Toyota,Sienna,1/11/1983,WJ25,843378000000
WV65SO9440,0PQBTT60L5VSDWCZE,071NSE13GVPJ00525,petrol,Toyota,Sienna,7/6/2013,SK21,862612000000
HL74LD9965,QHFAI4URKYS3DVIS6,695YYS04ZYJZ81295,diesel,Toyota,MR2,1/11/1944,FT64,905838000000
MZ98QV2672,53RPDU0XHC8856T3B,726GRZ66MRWU00716,diesel,Toyota,4Runner,24/07/1965,XQ99,925219000000
DK61HH5797,00P1JQL96ZFIA9VV2,064TSH82YULA10507,petrol,Toyota,Tacoma,12/12/1994,CL73,930444000000
YU46DC0233,U0EJIVCATZB1VCPZB,618XOT48WZPY64630,petrol,Toyota,4Runner,21/02/2003,WH50,950988000000
RE36ZT9190,4UUE5G9GF43MN2YKS,315XEF49ZUPJ63281,elec,Volkswagen,Type 2,16/08/1941,QP95,135873000000
GL41IZ6126,G8V66DGN15669QJ8U,404EIC46RLGZ93953,diesel,Volkswagen,Passat,29/12/1967,VY96,224225000000
XB48AF6198,8K5BMO21FWITMQB1D,819GZY64WZGW19625,elec,Volkswagen,CC,12/10/1966,JY62,243795000000
WT77YG6830,7VPWCBV35VQZXW3W0,691ORD32BPHN25737,elec,Volkswagen,Cabriolet,14/04/2008,TZ19,294099000000
QB50XQ3375,7SYJUTJ84ODZMCFWG,770VRC04MVRD51229,diesel,Volkswagen,GTI,1/12/1984,EN45,398864000000
CG02SE3449,30FBWOC75VP8CSEUL,085EMR76TSJT52945,cng,Volkswagen,Cabriolet,27/12/1978,BG26,427941000000
NI04IX6173,JRXA31EQSJ7NLF4XB,642ZNV12WZMY12297,elec,Volkswagen,Passat,12/8/1997,GL88,502098000000
RR72IA6483,F38FAZKGBN98H4YXG,423YQP03CONJ31593,cng,Volkswagen,Rabbit,8/4/2009,TN10,540309000000
IO58AF9666,N2C7FO30XP2OY3YJT,255WZY51QZTW27004,diesel,Volkswagen,GTI,15/04/2013,GT81,608355000000
OO98IE3636,EDU6O9RID82SXTQQ5,388NMW39EYUW10640,diesel,Volkswagen,R32,4/7/1998,YN94,608682000000
WH20LZ5551,ALEQJXTCDJDKJ8L4O,838XJX99DYNV85249,petrol,Volkswagen,GTI,20/07/1950,OT65,611821000000
PR69FV1976,IE1WTEM6BN2DDT2SW,533HOW77ATVP38565,diesel,Volkswagen,Scirocco,17/05/2011,DR83,636847000000
YG81ZS5798,8KMTJHHFP8XI9I76G,195KAK86VMXP12250,petrol,Volkswagen,Jetta,24/02/2001,XF09,651961000000
EA57DK7414,QA7SI0PGG3THNSEPU,617QPW21YXPQ16291,petrol,Volkswagen,Eurovan,4/7/2012,AB78,663096000000
CF84JQ0387,D11MJK3H7X5EWJHSN,263PKP70VHER40224,elec,Volkswagen,Vanagon,12/2/1945,HO79,710372000000
KV39PQ2482,5QUUNO86P6PKLJZFK,372AFZ90CMNT19745,diesel,Volkswagen,Golf,2/8/2013,OH54,767603000000
TK38VP8664,KY38LF2T1YKUWJDGQ,404YAH44TEZI02155,cng,Volkswagen,Golf,21/09/2000,SG04,777939000000
GH08UL3289,LQ722KIE8ZYZF4Z8A,970IGF31JDDQ27573,petrol,Volkswagen,Fox,14/10/1996,CA42,794734000000
SY24YU4311,IXHBIUM69OTREFKCA,502JOV42OBKK92519,elec,Volkswagen,Cabriolet,4/10/1955,PI31,811154000000
OO32XU5581,GDA0HQDW4QMLBLNVT,546DNF24RFBE88134,diesel,Volkswagen,Corrado,10/7/1984,WQ84,815682000000
DD57PG6749,5LYVFKYWBG3573ZMD,612RNL24ZHWF36312,cng,Volkswagen,Passat,19/02/1994,FJ18,845662000000
HL07IA7166,4W897B67B8IK7U1RC,898MSN21HTBA84356,petrol,Volkswagen,CC,22/05/1966,GU34,855516000000
MF19QK1998,8MIT0DWX4M8P8NUZI,696XUT14JQJP23382,petrol,Volkswagen,Golf,27/08/1952,VK22,872809000000
WV22JI0030,UI00AST3O48JO1D4C,240CZT67WTEE10989,cng,Volkswagen,Cabriolet,12/7/1941,MI72,878347000000
ZZ07JJ9908,VPUA33JHK0YFCEXC3,908KTC76KYOC33926,cng,Volkswagen,Fox,23/12/2006,TS31,935830000000
AS25DA6540,IKN6SJ75J4Q18P2WN,825CAM85GDRR96011,cng,Volvo,V50,9/1/2018,OP77,123689000000
AN58HJ5801,76S3HGWBBEIQ1G72T,756QCF11HONM18314,petrol,Volvo,V70,13/11/1943,SY52,197299000000
XS98BZ8765,M7KOPB36WV0BCUL76,758FYF75NMKY54911,elec,Volvo,S60,27/05/1967,NT87,210404000000
ZV87SL4633,HY8BI8LPXJRC8F90V,228QGV12TSDM22026,petrol,Volvo,S40,5/1/1941,VC39,335606000000
US69BH7042,BABW3AFHESNZ88R0Y,664HWF54MWKT34678,cng,Volvo,C30,8/6/1987,JZ85,387707000000
UM69BV6324,UARAM4NL70YGP8OTF,182FHA07CREH65970,petrol,Volvo,C70,31/10/1947,TC85,427781000000
WJ42PR4699,9RM06NZ52RJTX26QB,334DOC12LBGO87060,elec,Volvo,V50,27/07/1993,CQ97,441403000000
QI57RV6492,A8ZUMKEFRWA3C90Y1,758NHK64ASDF25401,elec,Volvo,V40,5/10/1956,PA46,520275000000
KA40SE3243,SGKJ634UJX6QP225U,565LNT77JZFS28146,cng,Volvo,S90,18/05/1959,AZ57,531772000000
OE49MS7065,7ZCB2J0MYXS2RXOGI,930GJY38AXPR72317,diesel,Volvo,S80,1/1/1987,MW56,634226000000
DO75QI6633,RDRCHL8IVKPGUZGE3,795HAL61KYZJ44637,petrol,Volvo,S60,21/04/1988,FV94,640206000000
NP00LO8846,1N4C3O9IHMITTZHA1,828USJ10CXIP00808,diesel,Volvo,S60,25/06/2019,VC56,664788000000
JR28AJ7982,SK4QJALHFZAFSK97O,808UEH11IBXC79530,diesel,Volvo,S40,8/2/2018,ZP52,766199000000
LK16VG2236,3ZKKDNHWVBQ39XBL1,242NFA83GADB95634,cng,Volvo,740,31/01/2001,DC49,869331000000
WU94FC0447,W5H934LPF0BU9P2PH,498MEH32KKQD09053,petrol,Volvo,XC70,8/9/1968,SB43,871813000000
AP43QY6405,BFA68F67N6FYSZ4UY,109MKT33PUGD18454,petrol,Volvo,S60,14/05/1977,UN84,878198000000
MO35DA1001,N2J0JIBDGDJICOGBT,017GNG97KYEX55760,diesel,Volvo,XC60,7/4/1997,GZ01,880756000000
YS47VY7676,005L517TGBSTHBGKS,018GTG02RJNK17556,cng,Volvo,C70,19/10/2005,RC32,919303000000
KY31DY3888,7ON351K9LNH7VGSP5,482IOZ00LPCI92268,cng,Volvo,V90,7/11/1951,AG53,948526000000
BF26PB2309,KKGVMOH8ANIKUHC6M,727MUW20EZRV07143,petrol,Volvo,240,14/12/1970,VB19,985895000000
